id,price
2591820310.0,351781.2
7974200820.0,706652.4
7701450110.0,1170471.2
9522300010.0,1712727.6
9510861140.0,602063.2
1761300310.0,275075.06
7732410120.0,691634.6
7010701383.0,564509.5
291310170.0,358739.12
4232901990.0,587158.2
6840701125.0,658060.44
3971700580.0,442003.1
4202400078.0,270040.78
6064800090.0,366015.66
2626119028.0,357180.16
3303980660.0,1315366.0
862000020.0,394621.28
2386000070.0,1085366.5
1138000450.0,344858.84
1775800420.0,459449.53
2291401425.0,420973.16
2025770560.0,903584.7
3525069037.0,688982.2
9324800450.0,590081.7
8080400136.0,520225.1
8651540040.0,505306.53
9407001790.0,262703.97
1773101530.0,162763.14
9432900250.0,314429.88
1794500695.0,592478.94
2220069003.0,305564.75
923000120.0,528707.44
5728000060.0,531124.1
16000200.0,261499.0
1926059094.0,510270.6
6672900220.0,797868.5
3629860060.0,845918.5
1822069109.0,380359.44
6675500105.0,385587.8
249000180.0,1135835.6
226059065.0,428554.16
396100110.0,325548.25
9264450460.0,299162.84
7853361210.0,405248.34
9474700020.0,275250.66
421000455.0,227487.02
3755200220.0,378468.47
7960100075.0,462573.34
9477100490.0,386638.53
9138100350.0,809954.6
1624049275.0,348931.5
2770606890.0,444032.7
1157200189.0,481153.4
2770601800.0,481062.84
9301300805.0,470707.12
2325069032.0,1230808.0
1021079099.0,380420.53
7215730040.0,684384.44
1853200080.0,502154.12
3224600340.0,652857.5
3222049120.0,425491.7
2113700025.0,297445.78
7893207925.0,206483.27
3586501085.0,539377.25
8024200010.0,471342.44
7116500705.0,172025.05
1598600209.0,289548.8
7204200025.0,996464.7
4206901505.0,520624.0
2937300440.0,778101.5
7205000180.0,338226.38
8718500665.0,378421.25
5318101765.0,696313.75
4122700020.0,687976.7
8078700020.0,483688.5
3303980680.0,1052365.4
8924100372.0,911183.75
2781270210.0,215214.23
519000043.0,498353.9
3225069301.0,1344529.8
151000075.0,666115.94
2297400020.0,429904.22
6617500085.0,679872.7
104510180.0,248058.86
3528900060.0,790328.2
3345100286.0,606159.3
1226039130.0,470191.72
8712100720.0,665839.2
3037200010.0,389500.72
3626039268.0,394238.1
104510230.0,253093.11
5112800060.0,358916.03
6072400280.0,652541.44
5317100570.0,784144.3
9528102993.0,431687.34
2919201095.0,482896.25
6181400920.0,283097.0
185000161.0,270031.88
8691400010.0,789770.4
3345700165.0,555625.75
6151800486.0,199494.45
4340000080.0,861966.4
4136960010.0,521023.3
3634100030.0,324954.7
1624059224.0,973296.06
2788400090.0,291621.06
9828200762.0,518181.5
7524400250.0,535517.7
3528000290.0,689080.75
5700003630.0,1840034.9
2720069019.0,255616.66
7227501170.0,213000.89
2397101270.0,591386.75
6792100090.0,633019.75
2770602265.0,620390.5
3971700937.0,353249.28
422049203.0,260614.12
3076500830.0,275360.16
1423400260.0,298254.97
9161100795.0,430508.12
3126049052.0,484445.84
5100401468.0,372219.44
514500235.0,372602.94
1423200170.0,190368.92
1402100070.0,447276.53
624110020.0,693866.4
2407000145.0,229842.95
1890000225.0,677613.3
1320069271.0,306494.84
5490700085.0,371565.9
263000155.0,504048.4
3726800201.0,414844.66
5153200358.0,283865.62
2725079018.0,690864.44
7165700200.0,309242.9
9429000170.0,544966.94
8718500075.0,400843.66
1760650950.0,302183.06
1068000559.0,1120631.8
4113800500.0,607435.9
4077800507.0,535781.2
2725069150.0,693149.8
4008400035.0,655591.7
7016310270.0,460156.22
1432701230.0,234602.28
3278606050.0,340764.3
2473350710.0,383908.5
2185000685.0,183146.58
7792000025.0,302643.94
6868200029.0,481035.7
624069003.0,777276.7
7431500280.0,740516.8
3296000040.0,585443.75
1118001215.0,1016584.1
6453900040.0,699853.94
333100209.0,623002.1
34001765.0,547921.25
8946700100.0,382740.34
5561401210.0,687716.9
6671900095.0,424834.22
3275850020.0,624965.0
3876300600.0,398895.28
1450900020.0,286989.88
8562780280.0,344462.0
7663700973.0,356907.03
2126049032.0,411229.1
1823059159.0,158305.9
3438503426.0,268847.56
9297301495.0,510991.6
7140700850.0,374035.53
7942601805.0,662321.2
2555900030.0,376850.6
2887970040.0,256420.08
7419700010.0,561735.25
2239000011.0,402942.1
9283800050.0,342104.62
9407001340.0,305287.44
217500140.0,587111.94
7212660520.0,258266.05
3298201170.0,285019.8
3057000400.0,340095.1
6865200444.0,452602.22
6071600340.0,483875.44
6821600005.0,676146.56
1235100371.0,688602.3
7796450340.0,325041.38
3603000410.0,196339.34
9297300255.0,557651.4
9126100850.0,460593.78
2770601462.0,511855.5
2599001500.0,243871.11
1102000095.0,692250.1
1853080640.0,1086043.1
9551201585.0,787585.3
3438500796.0,289405.66
7518504291.0,547756.6
9269200340.0,358344.66
715010130.0,1322818.6
1982201485.0,543628.6
9526500080.0,433487.53
9277200180.0,370907.22
6669150280.0,327150.75
8917100153.0,569467.7
3760500516.0,899990.2
2725069050.0,882803.44
3332000091.0,267330.47
8562770080.0,511025.72
8151601190.0,261237.86
8563040160.0,608057.25
240000269.0,823386.56
4307350200.0,316500.94
1311910300.0,277903.0
3574900030.0,529017.7
7853230570.0,491899.75
320069049.0,334306.38
9839301060.0,633997.4
7011201333.0,589901.3
2781320100.0,269224.6
3421069120.0,365226.97
7852030320.0,505662.56
5316101075.0,1333247.9
5309100750.0,494275.2
629000730.0,574783.56
511700170.0,312612.62
1562100030.0,575025.9
2489200230.0,509580.0
524069116.0,470843.8
5315100737.0,723363.7
1868900675.0,707131.75
1608000120.0,345156.84
705700240.0,346095.03
7575600610.0,287882.3
1778500015.0,636711.44
5423500240.0,192612.8
6713700025.0,354111.97
2734100734.0,312090.47
301402280.0,239258.38
2113700205.0,247327.47
4114601570.0,3504953.5
3332000615.0,278496.94
3630050180.0,315080.66
6852700520.0,518772.2
6870310010.0,574231.8
6163900981.0,352583.84
393000142.0,377475.22
1771100130.0,368972.4
1442860160.0,392600.6
9191200435.0,562892.4
6788200800.0,795874.4
1115300070.0,743654.56
3176600105.0,573826.8
2770604665.0,526648.2
5469500580.0,432135.53
5680000545.0,438187.9
3424089119.0,551799.9
1328300180.0,346591.03
1773100922.0,381032.0
4123830480.0,323351.47
9808610190.0,777693.0
4250200140.0,294381.94
4217402115.0,4266996.5
3831250350.0,373484.25
2397101055.0,737441.2
6817850110.0,947312.8
7526800200.0,590413.44
7853370100.0,611382.5
2523089025.0,732397.94
9476200680.0,301411.78
5714200140.0,405901.88
3575304895.0,560450.0
263000018.0,454261.1
8080400177.0,433419.8
6450304130.0,344140.72
514500090.0,543781.25
9477000300.0,451926.5
853600310.0,1145862.5
1951600240.0,237324.62
1099900120.0,344976.2
5323100120.0,454265.3
1223089016.0,416422.38
522059172.0,260957.81
1930300190.0,688742.94
9542840410.0,304268.97
8665050530.0,476673.25
5592900205.0,410949.12
5450300010.0,474801.97
2459960030.0,326657.72
3331500455.0,501157.9
3432500705.0,367540.8
3702900165.0,246331.84
5249803550.0,517888.97
626049058.0,420174.7
1788900380.0,177788.61
8075400360.0,230192.42
9113200250.0,666947.06
2738640040.0,705492.0
7821200307.0,492351.38
3530440140.0,240477.75
3582700130.0,476726.97
9276200569.0,685061.9
7197800020.0,549629.7
686200490.0,593626.4
3501600100.0,413169.1
6383000690.0,580536.75
7604400150.0,351975.47
5249801411.0,797270.5
2607720420.0,494504.62
9561100010.0,418323.88
1796370590.0,275316.8
4077800593.0,367049.97
854000165.0,248881.58
5536100010.0,380196.62
4188000670.0,801790.5
31000165.0,1103591.4
662350050.0,961488.2
4137000280.0,286447.88
6169901130.0,921170.1
1953400510.0,289378.97
7518506716.0,805975.06
1552520010.0,372278.9
7955080270.0,316400.78
9212900100.0,513897.94
3438500798.0,284986.47
7899800890.0,229085.88
4319200605.0,378937.6
1329300480.0,356768.97
8935100100.0,616826.9
5016001260.0,363267.53
4337600280.0,280743.34
1446401220.0,197380.66
7135521530.0,566032.8
6888900115.0,232621.81
2413301070.0,293728.88
345700040.0,271135.25
5566100145.0,354342.06
7634800070.0,346345.94
9346910500.0,602630.06
3529300060.0,329686.56
8128600060.0,1248191.6
8572900275.0,188724.28
4139420590.0,1522858.2
9274200322.0,515925.72
1472700200.0,493975.75
8820903380.0,548601.7
8563010130.0,692179.4
8965450110.0,710461.94
9274204230.0,398018.75
8165501700.0,359441.0
2193340260.0,484258.66
1860600290.0,767093.06
1222000055.0,198852.05
2492200280.0,343200.06
2488200455.0,337337.72
809001520.0,768403.3
1796361140.0,281016.9
6398000011.0,686615.5
6813600365.0,528087.6
7504100920.0,823097.56
8835770330.0,632937.3
524059322.0,608866.8
4307330280.0,368006.38
1245002952.0,750776.4
2021069059.0,263924.4
5700000595.0,627449.7
3629970930.0,599481.75
3336002215.0,273822.78
5100401060.0,564636.25
3278600750.0,307695.06
1126069045.0,954294.7
7568700175.0,346482.06
452001475.0,542483.25
9283800230.0,455029.88
1737300130.0,662394.94
6189600040.0,487177.0
3679400025.0,526086.9
1096100010.0,338632.06
9513900050.0,261006.95
5452800645.0,631512.44
273800100.0,275764.44
7228500037.0,394436.72
808300090.0,497513.16
2493200215.0,593339.25
5035300255.0,636092.25
3380900160.0,396754.78
3630000130.0,384138.53
7300400670.0,309759.22
6798100070.0,349102.5
8078400010.0,602683.75
5566100060.0,445381.1
2768200212.0,497131.16
4035900060.0,581267.3
9460000110.0,321722.03
7199320190.0,478252.3
2225039081.0,475180.88
9512200050.0,724687.6
2634500085.0,351935.38
3654800200.0,291175.84
2724079090.0,1082628.6
2597520720.0,668572.44
3034200426.0,430571.34
984000130.0,321131.5
7852020670.0,473356.72
7923500060.0,619197.75
2310030510.0,295305.22
2205500540.0,462219.72
2493200015.0,335507.9
7853361420.0,544139.25
5652600605.0,347573.5
5285200020.0,352933.38
9406530150.0,416919.56
5706300020.0,369816.94
3278602490.0,521683.0
7197000100.0,456330.3
4447300008.0,244935.55
7899800045.0,384152.25
9250900095.0,533754.94
9268851740.0,510820.97
8682261440.0,828512.7
7284900385.0,437921.53
8079040300.0,416168.4
2225300585.0,325284.88
3223039013.0,267042.38
2013801350.0,799328.06
4055701110.0,449219.34
3578401770.0,578363.25
4046500720.0,422386.56
6145601745.0,578317.8
5207200195.0,587887.4
1972201856.0,245846.8
7212680080.0,579887.06
7277100510.0,521398.0
522079022.0,735813.9
5605000440.0,449106.97
6632300230.0,524080.4
8815400165.0,549176.6
6708200320.0,580325.8
2426059076.0,490626.84
3260200200.0,478882.12
2770601741.0,228442.5
4338800500.0,754659.8
9201000320.0,360954.8
7655900038.0,571650.56
3625059140.0,239823.77
4222310010.0,349191.06
2114700115.0,341040.16
3291800710.0,368104.16
9406590010.0,1659239.9
3025059124.0,400084.56
7972601250.0,875380.4
930000470.0,516874.03
6690500060.0,187525.0
16000015.0,437312.9
5693501102.0,453645.5
8079040490.0,316847.75
7225000155.0,700780.2
8819900170.0,331400.1
7972601270.0,761052.0
1224069074.0,343212.03
5126900321.0,284204.62
3438501860.0,393172.6
2822069080.0,597929.94
1656600310.0,928027.56
3856900507.0,450649.8
1626069139.0,1069717.5
2524049257.0,521028.3
3904960150.0,448740.97
7214820610.0,555620.4
7977201845.0,713781.94
2428100080.0,336843.3
2202500135.0,643397.56
1523550220.0,359700.7
2313900610.0,374764.38
4123840050.0,919924.56
2125059124.0,478041.1
1225039067.0,508682.0
6431500283.0,295835.47
2473380010.0,443962.94
5694501195.0,351901.44
2881700046.0,325069.38
6837820330.0,220821.03
2337300370.0,237846.28
3876540630.0,371918.9
626059317.0,395841.25
3374500520.0,324041.75
7228501903.0,539559.7
4019300051.0,638214.8
4232902615.0,277916.84
3546000090.0,781953.75
8127700215.0,325724.88
3438501100.0,727329.4
1769600066.0,448375.34
8146100610.0,551119.9
3052700695.0,641234.5
7954310210.0,2692587.8
3761700053.0,320358.12
1320069179.0,748372.4
1331900410.0,332608.94
7303100210.0,433292.34
2464400285.0,363601.22
6163901150.0,330199.47
8955800045.0,400066.53
2314300200.0,356355.25
9528104360.0,570778.44
4177100005.0,310266.03
8856960260.0,571801.7
1828001220.0,664854.8
3066400710.0,937861.06
624110610.0,374951.0
4040800260.0,557553.6
5019500215.0,1076411.0
2481630180.0,552105.4
7203170190.0,806999.75
510001280.0,616495.2
9430110120.0,351076.1
1565950030.0,676174.06
9828202255.0,584597.44
3878900270.0,194890.73
8091600080.0,287781.12
1112000035.0,333257.22
2228900270.0,296611.78
6648701740.0,527189.94
1245003740.0,331784.25
2174503441.0,599149.6
7708250010.0,290412.1
6072300110.0,519503.0
2329800140.0,296252.0
1494300040.0,780024.7
3832050130.0,451834.28
7203100730.0,534640.56
7199330170.0,445101.16
7785000220.0,1131477.0
1250201175.0,400330.2
4054500180.0,182387.8
7905200061.0,314784.62
3751604895.0,353556.2
5220300140.0,874040.7
3323059027.0,512246.56
8651611980.0,830891.1
8673400190.0,625058.7
1668500100.0,342668.22
1023059365.0,823430.3
3308030060.0,239496.64
4232400860.0,1559069.5
2144800615.0,503215.0
1568100920.0,332286.8
9406510040.0,952271.0
2923049421.0,535218.25
1051000040.0,236024.72
2077700042.0,668070.8
9423800030.0,357283.84
9818700455.0,560215.2
7133300675.0,1368394.9
4113800550.0,278076.16
5553300375.0,411184.28
2025701530.0,305852.78
7942601155.0,295842.94
7524300020.0,232692.33
2520069100.0,829519.6
5412300410.0,363504.9
7504110760.0,214155.16
2594200350.0,509774.4
2722059013.0,504830.66
8078430480.0,174375.44
1423069162.0,645868.56
8856001090.0,240880.1
7000100631.0,528844.75
4222200280.0,230500.36
7971300050.0,648024.75
2009001600.0,462349.06
6619910140.0,352284.12
2877100985.0,717616.56
1196000007.0,260464.88
1330850130.0,245773.34
6664900410.0,344498.06
1231001110.0,365530.56
9235900030.0,393123.12
9407101840.0,345965.12
9523103001.0,547698.2
2149800278.0,564597.7
7234601198.0,597977.25
9476700035.0,667461.25
9297301065.0,345081.56
518500700.0,326719.66
7843500090.0,324323.38
6056110780.0,270527.03
2345700260.0,344477.03
3509600070.0,323209.72
1431700280.0,277889.16
1623049174.0,441334.53
3024089049.0,670774.44
7853340450.0,322261.28
7732410360.0,259001.39
1446800995.0,543744.4
2946000285.0,447417.34
425079100.0,1015835.56
3876313040.0,880992.8
1762600260.0,746094.25
1925069121.0,388036.84
7443000480.0,458803.94
7820000015.0,358020.03
4027701253.0,601074.2
2826049165.0,155377.97
5426300060.0,365582.28
1278000210.0,296232.03
923000270.0,378269.56
7657600005.0,337563.25
3024079057.0,319748.72
3276180020.0,438717.16
7304300760.0,643326.44
3908100020.0,239150.86
8835400805.0,439316.06
3904930530.0,483465.25
6163900971.0,399593.9
7942600310.0,246776.17
4365700330.0,314784.62
423059207.0,337402.12
3992700265.0,510665.03
7177300090.0,598273.06
2540820010.0,901868.5
5700002510.0,544318.4
5201000030.0,2104491.5
7631800015.0,649384.25
2922702965.0,913568.3
1525059198.0,629839.4
1245003160.0,313376.47
3810000455.0,566923.75
7855600080.0,890689.7
5701500030.0,669998.7
7504020400.0,314959.53
1402600570.0,279873.3
7575610760.0,377256.78
8731990370.0,719699.25
5021900090.0,343493.3
290000075.0,413593.78
2841500010.0,465066.9
3955900830.0,520115.44
7852110140.0,263842.1
1311400350.0,604412.5
7773800015.0,518712.6
4123400320.0,775426.9
2725069157.0,630470.06
666000143.0,507814.97
5101408678.0,364781.8
6371000026.0,648325.1
2024059084.0,383901.62
7283900036.0,629908.7
8881900230.0,394245.2
3959400135.0,249125.61
7696610270.0,700686.8
1689400150.0,415819.94
5103900015.0,455381.03
1441000350.0,356687.44
5101408735.0,1616443.9
3126059027.0,364298.72
2320069014.0,632107.25
9541600015.0,604340.6
8682320420.0,632056.56
1562200090.0,607659.0
3395070980.0,249725.86
7349600230.0,298958.28
522049122.0,302183.06
869700060.0,1021409.2
1221059176.0,358407.75
1523059103.0,462224.03
2025760210.0,687892.44
9218400088.0,349857.84
8682292020.0,450942.44
2623089135.0,477758.16
3758900259.0,963631.6
524069049.0,571281.4
3121500150.0,772010.5
5581400080.0,756417.4
8087800020.0,417539.2
4070700290.0,589889.7
3296000170.0,639266.5
9238500040.0,454670.62
2744600040.0,370204.0
6813600380.0,597528.0
6140100150.0,457533.16
2201500555.0,380481.62
2600110250.0,631240.6
4337000275.0,185593.8
1186000150.0,538700.44
1972201963.0,475828.06
1105000745.0,351824.34
2887700560.0,548144.4
4039700080.0,647359.4
522049104.0,283446.72
4202400078.0,271256.2
7520000695.0,204401.7
7714000310.0,364994.62
4319200060.0,647118.2
8624700015.0,718090.25
5104520610.0,297380.56
2354300845.0,232469.75
3824100291.0,477125.7
6151800612.0,246804.11
5454200080.0,733286.2
6413600290.0,432695.6
2131200065.0,366761.03
1459920010.0,298690.84
50300090.0,404607.12
2326300090.0,573062.9
7714000070.0,366242.3
3630180500.0,893909.06
1727850340.0,951067.7
8691430330.0,981295.94
2310030390.0,269364.5
5561400610.0,528819.3
7010701016.0,463376.75
7883605915.0,281543.97
1282300995.0,369466.4
4040700310.0,476301.84
3353400435.0,252124.2
2143701015.0,527772.94
255450020.0,374371.44
1020069017.0,295658.56
4038200120.0,491355.72
9284801100.0,244751.83
1965200075.0,584005.4
847100047.0,529363.8
4038700720.0,478315.25
6815100085.0,678855.9
2508000020.0,274945.2
255520180.0,730383.5
6822100750.0,556301.75
869700050.0,315895.16
1775801405.0,521993.2
6600400090.0,227550.2
7202330270.0,387279.66
1683400165.0,711332.25
2625069070.0,909578.5
7625702440.0,356308.28
3388000640.0,245521.44
1899400365.0,272133.9
6899990200.0,902182.0
5569700020.0,860818.3
986000045.0,332882.47
3293700221.0,350833.25
3764800250.0,370749.34
2291400566.0,351177.6
4219401236.0,974437.06
4239400840.0,178825.84
7211400990.0,245690.0
7696500280.0,217955.25
7215721070.0,499642.0
3204850140.0,357997.97
4322200220.0,598663.75
2566300100.0,750276.06
1944900090.0,434600.84
6648500390.0,299380.25
7385300020.0,723191.9
1704900135.0,294701.72
2877100655.0,623792.6
2726079098.0,603789.7
7625703800.0,401960.2
318300040.0,483911.9
7922800190.0,473592.03
2023049361.0,209309.64
8946400210.0,461010.34
6071600450.0,559359.0
4343800100.0,403740.7
1443300140.0,361853.47
1024039001.0,717113.7
2767704860.0,503789.6
7234600851.0,676318.5
644200065.0,740755.2
7784400035.0,724163.7
3826000560.0,238079.02
9272202260.0,261520.42
263000253.0,435785.8
3621059043.0,457737.56
240000130.0,460726.84
1352300120.0,204431.77
7849200861.0,256196.47
2487700130.0,518806.97
1796100140.0,246883.92
7234601221.0,554158.3
8651710190.0,482205.44
2916200091.0,545642.9
1232000915.0,495217.12
1545801970.0,292450.16
3211200420.0,338617.34
7686204675.0,199271.86
3141600210.0,215869.69
3959401284.0,588745.3
2113700825.0,288224.8
3876000710.0,431663.56
522069022.0,468873.3
3214200070.0,337226.47
1221039156.0,323665.75
259600790.0,440167.56
785000040.0,436267.34
8138870470.0,481325.53
2596300035.0,344822.75
540100057.0,1087669.0
3073500045.0,661999.44
5363200266.0,421577.1
8682261650.0,475493.16
3224510080.0,881373.6
3211270160.0,387210.28
9269200520.0,169297.16
293810190.0,426294.78
4197400043.0,316281.72
3026079031.0,354930.53
5332200405.0,727848.56
2473411210.0,319250.2
9268200315.0,545769.75
8123500050.0,597705.3
3221069091.0,453287.6
2485000165.0,659499.2
4058800215.0,867491.94
1926059039.0,725534.4
2533300680.0,739871.25
3343903640.0,337730.34
5700003705.0,996099.44
2023049372.0,427726.22
4058800830.0,765433.1
3333002302.0,507814.97
2944500340.0,303447.4
1982200790.0,509925.16
8929000270.0,500525.2
8122101440.0,243914.38
7525530470.0,743515.44
9332800020.0,577501.2
3878900525.0,282816.22
5420300210.0,253998.38
9232900165.0,346648.56
6414100026.0,428687.75
3013300660.0,659045.8
7954300120.0,548734.75
1081200360.0,330733.38
2877102345.0,460370.66
2202500255.0,448570.6
7984400050.0,225249.8
9558020380.0,422772.7
7812801850.0,223125.88
8944460020.0,387134.0
2306400040.0,543818.06
8649400410.0,401169.5
7889602020.0,254391.4
2041000025.0,470301.78
871001484.0,548218.8
2767602141.0,486910.38
3630180470.0,690123.44
2769602140.0,462961.88
2473250280.0,317062.03
5422560660.0,520973.38
3756600240.0,352034.1
8651600160.0,619512.7
7202300540.0,768322.8
8961950250.0,396801.25
3303000130.0,523381.84
798000062.0,314070.22
1695900150.0,723946.75
1604730150.0,485799.9
4136930310.0,332312.7
8835401250.0,1197895.1
8665900328.0,473636.47
9262800255.0,272922.56
1853080570.0,733696.6
5556300114.0,753566.8
9517200290.0,393738.53
4037200295.0,485612.06
7417100123.0,450269.75
2620069077.0,185290.45
7922720040.0,610362.56
558100090.0,573040.44
257000037.0,309332.4
3319500385.0,433627.0
9297301520.0,311171.3
3580900090.0,374614.47
1321039076.0,170467.48
7227801581.0,315716.94
9407001620.0,355982.78
2130400150.0,374627.78
2312400200.0,296426.8
4046700210.0,412171.47
1193000480.0,820371.4
1492800296.0,452509.8
3013300017.0,356637.28
3630240140.0,514084.53
1049010390.0,390641.7
9320900420.0,158115.23
4315700060.0,280577.47
2591010290.0,353376.34
323089085.0,577858.3
6600400270.0,215935.7
2919701105.0,488752.72
7202360670.0,806965.56
8927600100.0,620273.0
3211700045.0,598663.75
4027701326.0,467839.38
1601600195.0,285243.7
7853280350.0,807341.6
3629970130.0,620607.1
7203120020.0,719409.75
9542900190.0,371684.62
8035350120.0,578516.56
1238501184.0,812328.06
251200240.0,565922.25
8945300200.0,187731.6
2162000160.0,929774.6
5466310060.0,228148.81
1239400064.0,724088.9
5205000020.0,317722.25
1720800305.0,504720.2
7280300375.0,634105.44
2095800400.0,459552.22
7852010950.0,522975.3
1428001160.0,598888.9
9528104910.0,555501.5
8644210470.0,1205475.4
7923300310.0,527154.44
254000100.0,672076.7
1931300688.0,410442.06
7007700030.0,341369.78
422049178.0,240990.5
422069067.0,335548.62
2923049393.0,341536.22
930000305.0,461177.94
2461900448.0,414090.56
2610100020.0,323760.4
2895550050.0,265047.28
7701700040.0,293882.1
2460900020.0,525581.9
9827700105.0,608625.0
1005000240.0,308872.12
7200001254.0,497583.94
866400040.0,488918.97
305000170.0,598302.6
2260800110.0,869287.3
3442000127.0,668206.3
5253300437.0,473028.4
7576700150.0,783130.44
5469501410.0,486850.66
5104531120.0,702514.6
723049434.0,338879.28
622069006.0,1376053.9
2517101200.0,319655.53
8159620160.0,280027.0
5561300640.0,503325.06
3317010130.0,217654.1
4364200250.0,344759.56
8732300060.0,626709.94
5603700025.0,699387.8
3585900190.0,996520.06
3996900575.0,314886.88
8731801260.0,258914.62
3810000860.0,336621.25
5700003585.0,1649521.5
6332000050.0,452497.22
9286100250.0,371437.34
9471201110.0,730807.0
9290800050.0,620217.3
7300200400.0,611425.0
526069024.0,814234.75
1454600156.0,1116637.6
3904980360.0,503650.66
2626119062.0,342074.84
8651730290.0,440394.97
7611200195.0,710162.4
1919800260.0,581850.25
6632900354.0,329123.5
3972900195.0,333577.6
5151600170.0,283662.0
7016000440.0,470213.72
871000435.0,698836.1
9578060540.0,559348.06
2332700060.0,750135.44
766000240.0,296409.34
4363700200.0,254963.67
7100000250.0,324019.44
2781250560.0,215641.34
2781250100.0,339023.6
5419800220.0,276325.25
7147600245.0,278705.28
2926069083.0,875116.0
6189200125.0,692115.6
9542830160.0,294902.72
5152200020.0,264392.8
9412900045.0,454518.6
6600410480.0,177618.02
6979970080.0,567688.8
5636010280.0,296571.78
1732801300.0,699588.56
5561401530.0,489071.4
7304300906.0,336078.6
1223089077.0,330208.03
721049207.0,545209.75
8691330310.0,283827.72
1523069204.0,768411.4
3188100105.0,467026.47
6608500290.0,559271.8
2891400410.0,390046.2
7663700551.0,296304.44
5413200140.0,347309.34
425069139.0,275641.03
6713700155.0,535528.0
2767603505.0,373514.12
7789000080.0,421026.97
9211500620.0,263606.22
3750604417.0,227720.0
7922800320.0,198361.62
1471620240.0,488586.56
2222059052.0,381975.38
9551200270.0,353962.84
2767603160.0,963737.9
9406710060.0,496556.47
8929000250.0,344840.78
5538300120.0,346345.94
2223069120.0,474744.06
1652500060.0,471713.5
8564500240.0,860883.1
3629700120.0,407330.88
3943600070.0,520115.44
4171200025.0,385750.03
2425049063.0,318616.1
9828701650.0,3167300.8
3581000340.0,294523.2
8100900015.0,353872.78
2125059161.0,366430.25
304000380.0,1121809.1
8146200070.0,216954.52
686530170.0,868136.6
2917200645.0,560723.1
9547200530.0,425959.28
2122059199.0,709395.94
1150000740.0,475796.78
5706200060.0,680995.44
9265410010.0,293536.25
4083800555.0,234373.72
6152900332.0,489686.38
2520900301.0,362726.06
9828200790.0,246017.62
1657530180.0,413154.06
7471900045.0,315941.06
9828200460.0,290533.94
1775900140.0,384829.62
6139800430.0,458996.22
7214400005.0,477942.28
5332200026.0,499395.44
9510970300.0,493382.2
2540830020.0,706572.56
3392100140.0,435721.66
1326069191.0,182730.84
2125059112.0,390568.06
859000022.0,930283.2
8854100350.0,354267.4
121059007.0,682913.56
7977201707.0,244140.62
3859900060.0,452056.53
8815400735.0,2101361.2
705700530.0,662958.5
6600780130.0,345319.5
6378500105.0,363896.72
8143000310.0,428004.6
2877102330.0,447661.78
3526039074.0,588931.0
2115510300.0,587297.0
3024059014.0,262688.88
2141330360.0,2558558.5
546000400.0,569746.25
2071500011.0,500548.97
7972000240.0,473276.84
7016200460.0,239941.28
6204200180.0,476556.88
1552100135.0,397982.88
88000173.0,742789.44
2581900235.0,440569.7
9211500560.0,556209.75
621069218.0,251043.72
1321970240.0,381225.9
798000630.0,299810.53
421000285.0,321341.06
2824600180.0,242205.14
3832051140.0,796984.25
1237500105.0,319504.8
8802400906.0,600526.94
3166900270.0,289446.9
3682000060.0,392381.94
5469700020.0,344795.66
1245001820.0,323134.72
9547205660.0,498079.75
7974700122.0,570181.1
7550801225.0,635741.44
1099950050.0,533004.56
1402900460.0,904567.2
7636800041.0,348538.06
2115720270.0,2489585.2
8651441750.0,251371.95
3904100035.0,211470.97
8815400020.0,332212.1
3303860590.0,525541.5
5427110040.0,420711.9
1782000160.0,708084.4
6204420290.0,327571.25
3995700245.0,520973.38
7955040130.0,320875.28
1442880650.0,496650.62
8833510230.0,535615.8
7283900551.0,1005885.6
4396000180.0,524045.2
7504021310.0,288875.0
322059264.0,676242.9
3654800040.0,279466.25
2767704777.0,284981.72
3278602190.0,477632.5
3236500220.0,375942.8
3410600100.0,484870.78
629410180.0,327077.44
3352402250.0,664094.1
4363700304.0,222495.97
7237550130.0,332321.3
9808590210.0,1139966.6
8074200175.0,978043.06
3463400330.0,290719.25
6306400140.0,441689.06
8564950250.0,738176.06
5381000070.0,531062.75
9826700697.0,243613.75
8132700190.0,494406.28
7943000020.0,397208.97
9547204675.0,197248.8
4112100101.0,563700.2
727500030.0,363325.25
114101426.0,416953.75
9274202005.0,370401.0
1193000380.0,668613.2
3039000020.0,796580.44
7852170130.0,392089.47
2624079010.0,631556.7
4137010540.0,518186.47
7576200012.0,310625.62
1138020020.0,665346.8
3969300030.0,354513.2
898000200.0,209591.8
5153100030.0,210033.06
5104532030.0,287033.1
4406000050.0,438018.38
9274203390.0,231475.11
8682290360.0,601961.8
6928600330.0,417360.4
4139680070.0,256865.9
6844702690.0,730625.44
2154970020.0,483333.16
4385701285.0,1643879.6
2426059071.0,848985.75
2867300160.0,565977.56
9512500720.0,479743.03
1773101020.0,517057.03
8687800100.0,306528.7
3627800050.0,298791.72
1604600227.0,1540918.4
3300701170.0,317197.75
9250900111.0,446181.03
7015200790.0,483064.56
1311100490.0,548905.06
2469000010.0,259690.45
1982201596.0,701736.75
1862700290.0,492085.94
2586800270.0,369456.56
9528102772.0,244195.77
5490210200.0,430725.47
6669080020.0,420842.5
179003055.0,369378.0
1860600535.0,236751.28
1592000130.0,898974.75
3905040170.0,590384.3
9320500080.0,514595.72
9276200850.0,283453.8
224069114.0,517522.3
2260000340.0,603221.5
5096300130.0,561253.56
3432500215.0,427381.53
2600000050.0,387421.94
8856003839.0,678489.75
2492200435.0,241979.14
7855900110.0,348739.28
6806100250.0,1058842.1
2770603523.0,321230.75
1370800515.0,518434.56
2726049150.0,1687212.6
1226059161.0,464082.22
1068000375.0,575787.44
9528104109.0,2101582.5
5126310060.0,447073.72
1951820070.0,508934.22
1545805980.0,562074.94
9464700340.0,382747.2
4319200675.0,922830.8
7518500885.0,689256.75
7852020620.0,551719.5
869700370.0,505402.72
8643000190.0,327150.75
8902000267.0,287713.7
7972602435.0,599102.25
2050100210.0,263413.78
6705120540.0,824070.1
2767601390.0,509565.4
4141000490.0,597504.4
9345400350.0,1021477.7
3222079162.0,769240.7
7789000120.0,359197.38
6646200770.0,251414.81
6666800180.0,649927.7
1725800280.0,726277.25
6117500460.0,471664.88
5470100220.0,1042840.75
5457300478.0,246089.17
7550800195.0,537453.6
7787050180.0,508032.75
6204430250.0,586747.75
7640400250.0,575268.3
624110920.0,477018.12
3629920140.0,859921.6
7173700518.0,334793.3
3210200395.0,513505.3
2473480560.0,184695.34
2623089141.0,416885.38
1423800080.0,506235.75
2076400050.0,237442.55
3832060120.0,323818.88
7702600930.0,323612.88
5101404555.0,439875.38
3723800415.0,398521.38
3356403400.0,350796.38
9214400125.0,232529.08
1797500530.0,479260.5
9551201660.0,491816.0
3878900815.0,917829.8
1760650280.0,371635.16
5466410030.0,320814.72
6388930620.0,262265.0
2331300395.0,631619.94
9412700160.0,678558.8
871001611.0,294969.75
3142600120.0,544350.0
3995700220.0,615409.6
2310000280.0,380237.3
8039900400.0,282948.3
7504021510.0,413469.7
1959700445.0,723206.8
1556200155.0,1178233.1
3629960590.0,572546.75
259000240.0,343924.75
662440020.0,556810.75
3123049142.0,393933.3
321100260.0,494209.7
6840701095.0,693036.44
3738900165.0,559162.9
4427100130.0,450374.12
9238500100.0,387480.94
6145601810.0,438660.56
2570300090.0,375294.6
4017600010.0,367690.5
1005000220.0,524427.56
1257202120.0,353534.47
9527000490.0,548415.56
8691400080.0,467813.12
1726069084.0,683937.9
248000240.0,485479.28
6113400046.0,212254.97
2130702350.0,344281.8
920069052.0,404705.97
6071300160.0,193844.77
1623049041.0,505325.75
9268200285.0,147717.25
1843100520.0,384368.72
2887700826.0,367635.16
9122000385.0,577784.56
9475700220.0,617921.6
2804600005.0,336311.84
2896400300.0,698120.44
5015000180.0,378195.44
3630220180.0,591019.3
8832900780.0,706275.0
1568100300.0,586459.0
8718500610.0,638945.6
4147200140.0,431152.66
1973700030.0,854079.4
8862000075.0,854922.75
9320990110.0,183745.27
1151100035.0,297528.56
2011000010.0,423573.34
1651500060.0,250730.23
446000190.0,663892.4
2344300220.0,647522.4
523049195.0,725122.1
9191200015.0,235639.84
7942601410.0,597658.0
7137800300.0,771444.25
7853300280.0,217512.25
6654700240.0,538237.6
569000050.0,357126.78
3584000180.0,616452.25
2026079055.0,255387.67
8898700880.0,348955.94
5075400150.0,298252.44
8731981360.0,578488.1
4222500020.0,316308.78
7996720050.0,244720.23
4077800094.0,649796.7
6446200365.0,652034.75
2824089053.0,614155.3
1311800220.0,498486.3
3522049063.0,242581.75
1721801280.0,543697.06
6131600240.0,219368.58
7202310040.0,198744.98
1123059125.0,478571.6
646910160.0,561839.3
5630500005.0,255493.8
3342100785.0,396326.25
9547205610.0,244111.11
1773100123.0,615121.8
3353400092.0,317624.34
217500015.0,308927.3
3649100031.0,464411.62
7896300150.0,397005.03
623049185.0,299342.3
1773100430.0,255079.97
1781500220.0,398033.1
3395380200.0,606105.2
2424059170.0,275801.03
4389200765.0,2257757.0
1543000060.0,961689.56
6154900005.0,489057.53
2902200240.0,575556.0
1442880640.0,491881.16
8562770490.0,530628.44
2768300655.0,513343.47
3432501315.0,532978.9
5035300570.0,340103.97
3626039028.0,694178.8
3876540780.0,475006.97
327000100.0,213537.81
7551300065.0,835370.06
1312920060.0,461810.4
2215901230.0,264536.16
6306800010.0,269700.16
2767700022.0,426798.62
5589900610.0,485964.9
4320200020.0,448790.88
5249804655.0,663959.6
9238500480.0,555371.9
3885806565.0,488383.56
7905200205.0,842756.75
5727500102.0,351642.5
3585220070.0,350455.56
2078500210.0,366200.22
1839920050.0,540525.06
534000080.0,390364.8
856000255.0,328439.75
4141010110.0,487563.44
9558040820.0,1249594.1
7768700315.0,830917.75
2796100640.0,726818.06
1922059010.0,310038.9
3448000542.0,211485.83
3883100220.0,333629.6
7237301210.0,297002.12
3893100456.0,297521.06
9578501110.0,854189.3
6145601995.0,315409.38
4024100120.0,439040.75
8899000050.0,334373.0
3396820010.0,355301.66
6749700117.0,510830.72
1954400060.0,405277.7
3303970100.0,481615.6
2540850070.0,699918.5
3797000745.0,466337.28
3438501452.0,521353.03
3530210260.0,267271.06
3598600049.0,387866.47
731500170.0,622256.4
7129304375.0,217111.25
263000006.0,335048.72
7212660560.0,194552.23
1112700010.0,432946.1
3420069060.0,298071.28
2473000470.0,393331.66
8691390980.0,481738.03
6184700100.0,420581.38
4476400275.0,696156.9
2968801240.0,435585.38
1529300160.0,321769.0
7640400070.0,266809.56
7016100380.0,441860.3
2172000890.0,644219.94
4035900015.0,488097.72
9528104660.0,404241.25
507100005.0,742480.8
2783100160.0,796563.6
3629921140.0,435954.28
1099750610.0,452379.66
1330300451.0,706986.44
2757000030.0,224250.36
2114700190.0,795672.75
2050000020.0,584390.44
3832500790.0,339938.4
2612000390.0,1131684.1
1483300430.0,290419.4
8899200720.0,370624.4
9183700470.0,347351.84
3530490031.0,300292.34
7857001225.0,283349.78
7920100083.0,227328.23
2254501620.0,339799.5
3303000130.0,376522.0
3876200070.0,483260.3
369000365.0,536629.56
3052700385.0,428381.34
7856550240.0,242955.16
7300410110.0,661102.3
7201800300.0,711156.6
1695900060.0,377734.16
9429500146.0,394742.0
3629910240.0,554293.0
8805400090.0,700176.9
1022069050.0,561516.25
1138010530.0,247275.47
7877400266.0,277126.56
7974200452.0,351266.8
2126049265.0,165486.61
9547204350.0,756267.44
5560000680.0,470284.2
3793500550.0,617214.06
4217401195.0,166371.19
1826049408.0,315727.72
3905100210.0,776518.2
7695370160.0,438478.7
3210400060.0,455694.38
6146600170.0,453755.06
2767601750.0,240589.86
1773100926.0,148379.77
5700002125.0,372186.38
1951100100.0,385570.56
1402200340.0,522864.97
8044200200.0,223399.28
66000070.0,376364.53
5083100065.0,367293.66
4027701284.0,191946.2
5693501100.0,209934.9
3600072.0,391073.22
8078550250.0,426505.6
1922059046.0,558874.3
2902200016.0,313812.84
9183700845.0,268066.72
3333001997.0,546807.1
1432400525.0,161017.0
2824059128.0,321448.66
6453550090.0,265472.3
6202600070.0,455859.6
7524100280.0,801112.6
3524039224.0,1347573.0
5739601300.0,239429.36
2473000410.0,770789.6
421059018.0,329772.0
4232901120.0,439474.03
5559600140.0,336673.84
3797310150.0,685089.9
7986400265.0,248137.17
3025300095.0,275250.66
7524950830.0,608419.56
9407100730.0,1583472.9
3812400854.0,553480.1
6002400030.0,309261.34
2212200090.0,352791.03
7202330610.0,366216.4
7300400170.0,262714.72
8965000110.0,416263.16
3996900125.0,336901.75
2221000100.0,478045.6
1524079088.0,350038.56
1133000036.0,304279.28
1868901190.0,302577.3
4037200530.0,443225.22
2095500120.0,521647.97
1995200338.0,497574.5
8820902350.0,343502.28
7459810210.0,717195.0
9536600010.0,768902.4
8085400586.0,357164.47
7518503065.0,686034.1
8682320350.0,928413.2
3179100790.0,336682.6
9828702666.0,555733.9
6713700250.0,647255.06
2141330700.0,469070.78
7519001990.0,513515.12
3223069019.0,663791.5
7994700030.0,409192.62
2592300450.0,330776.25
2792000010.0,333225.47
173000025.0,328916.2
7203150330.0,410542.66
3305100210.0,366002.72
2581300055.0,550446.25
6613000750.0,687723.9
7015200685.0,769039.3
1323089184.0,995358.3
3793500510.0,571437.94
2225079030.0,441118.75
3578400710.0,363540.22
8100000090.0,309079.8
2095500040.0,412756.2
8682281710.0,283759.06
6163901380.0,335350.88
6918720080.0,577387.9
6914700130.0,324398.72
1205000215.0,602582.25
3800008.0,506283.97
6150200180.0,475377.12
1223089066.0,324468.5
7768800290.0,331520.44
9285800330.0,595446.75
1974300020.0,731526.2
7628700050.0,805497.4
9376301800.0,527975.94
8651430220.0,795916.4
629810350.0,660821.4
5016002180.0,191011.31
9558010230.0,779254.7
8732000390.0,739195.6
7899800586.0,346116.2
5249802460.0,249493.23
1446300020.0,339306.56
7785380150.0,345714.56
1245500950.0,587673.1
3362400640.0,462383.56
7578200310.0,616722.44
4137020910.0,670236.75
11520640.0,626897.9
7972601995.0,272681.16
8122100160.0,691146.94
9456200450.0,272658.62
1328320760.0,307865.12
4025300285.0,336387.72
2721600125.0,359637.34
1123049027.0,344555.16
3542300060.0,848694.8
291310340.0,239914.31
8651720420.0,223154.08
3298200790.0,425943.7
4037200585.0,435741.72
1329000090.0,319113.4
9279700013.0,476216.88
4151800265.0,1633113.4
7760400210.0,896909.25
5029450110.0,344597.22
9492500160.0,267092.94
3578400270.0,238878.52
7606200090.0,707269.8
3682000050.0,452862.78
1250200415.0,261060.38
629811600.0,341298.47
1839500115.0,371556.0
1176001293.0,619197.75
3013300409.0,354310.94
7853280370.0,1439833.6
3275780030.0,336110.66
3336001946.0,858020.94
5456000110.0,573293.06
2473250400.0,271448.94
5393601635.0,672944.3
8820902905.0,306380.34
1245001659.0,536681.3
1523069215.0,353178.0
930000234.0,553286.56
4083301645.0,407803.62
4055700778.0,547019.1
2781230080.0,611783.75
3629910210.0,631594.7
7856700060.0,407814.72
7589700055.0,570080.75
3888100043.0,570019.44
6381501636.0,453388.62
3303951150.0,334289.0
8638500170.0,352930.28
5635100050.0,384571.56
8820901792.0,338676.2
5456000025.0,387744.88
985001275.0,892766.6
9560500105.0,823334.0
1421069117.0,208618.5
4154300296.0,714215.75
795000620.0,237332.23
9828702335.0,311665.0
1250202145.0,174537.0
1163400070.0,453843.56
5652600065.0,881497.44
1042700050.0,264910.12
8899210320.0,550847.1
1651800030.0,687429.0
2919201365.0,1140332.4
4365200895.0,754368.7
6841700100.0,284022.03
7376300060.0,826987.5
7852090180.0,407940.44
9222400565.0,538773.25
9542400075.0,583523.06
7338000150.0,750237.0
4322500110.0,189215.83
7694200070.0,570566.2
9321010130.0,386607.38
3204300455.0,259658.6
6706000040.0,931413.56
1565930130.0,291090.3
3279000420.0,440976.3
194000575.0,220396.9
2115510160.0,427628.28
7522500005.0,257909.88
3787000140.0,500625.03
7852110690.0,459783.44
5469700260.0,590768.7
8691410730.0,382928.47
114100763.0,703084.3
1257202430.0,344257.78
7000100635.0,779729.7
1900000195.0,274208.4
251500330.0,170499.14
7701960210.0,1068196.9
4037000065.0,909390.44
522059299.0,442542.12
6072300800.0,295573.9
6821102358.0,638304.5
5029450200.0,519692.1
8860310240.0,241551.22
826000295.0,551601.6
9417400110.0,277912.22
3959400345.0,314940.7
8899000430.0,338476.16
7527200030.0,697112.8
8562720410.0,1275862.8
1432400335.0,231727.89
6699940320.0,361142.62
2525059172.0,682203.94
7548301044.0,443360.34
2141300420.0,822896.2
5100401414.0,393742.06
7346600092.0,291682.3
6852700478.0,481924.0
87000213.0,214673.81
5416500260.0,299362.53
322059097.0,302546.6
7229900005.0,349154.4
7116000350.0,146451.45
3739500096.0,378934.22
6744700900.0,887542.1
1959700550.0,865496.25
5589300435.0,369384.56
1775920350.0,344988.22
3750607974.0,285606.22
5318100935.0,708077.1
1442700430.0,463186.56
9346700030.0,673861.25
1841500050.0,344612.25
7278100665.0,456950.38
8635750980.0,563991.8
6909700340.0,657821.06
7011201475.0,656964.0
9348500220.0,563997.3
3876313170.0,449415.03
2195700050.0,898311.6
3760100200.0,421046.2
3396800120.0,450766.84
3750603685.0,252560.88
9828702310.0,510309.53
8656300380.0,385715.53
1438000170.0,545812.06
2423069164.0,493882.22
2112700845.0,363158.5
7635801370.0,462918.7
8572900135.0,346999.97
7504010590.0,859940.06
6821100125.0,381304.16
4310702775.0,342188.03
2591010180.0,383085.88
9828700235.0,611643.9
9376301180.0,431750.78
1646502355.0,902583.9
1498301672.0,540399.7
7715600070.0,364134.66
7283900045.0,470262.16
522069119.0,515728.4
5200100125.0,610987.6
826069184.0,507853.7
3271300155.0,659372.5
4444800045.0,627456.0
8682291050.0,665623.3
2770605420.0,462495.7
1556200205.0,527488.94
269000970.0,1226626.6
9264900880.0,254130.69
2323059074.0,217377.34
1224059053.0,1030959.25
3755500065.0,381134.03
2571900430.0,357617.1
3705000070.0,293938.94
824069173.0,573102.1
1735800050.0,133452.22
3025059089.0,577399.2
6132600655.0,705209.5
1068000255.0,1410914.6
3052700921.0,633070.44
3024089057.0,299354.97
7390400026.0,325469.75
1787600224.0,436247.28
2923049372.0,314088.97
7015201015.0,896189.6
7701990040.0,920898.75
1925059194.0,689742.8
301401370.0,313312.28
1931300955.0,414901.28
2395710070.0,350867.06
2591820070.0,406464.62
7883604065.0,295985.03
808300200.0,520688.88
1421069159.0,485831.97
8562780540.0,296909.47
2787720300.0,398453.12
2349300069.0,279891.94
739000035.0,222817.69
2397101460.0,559626.06
7625702437.0,371753.9
5101406441.0,497565.06
3323500010.0,740516.8
225039082.0,725152.06
8078100260.0,357950.72
4139480200.0,1387200.8
7436300160.0,557738.2
822039004.0,440626.56
8651442910.0,283009.7
1370803510.0,652673.1
3342100569.0,615618.0
1310430400.0,500544.22
104540820.0,238059.92
4305500030.0,603861.5
993000090.0,841550.06
8044050040.0,388106.38
5707500050.0,623643.1
6306800080.0,396126.44
9206700190.0,727984.1
8732040090.0,290490.06
3037200045.0,350983.84
438000025.0,562930.8
239000115.0,315271.9
8929000230.0,510957.44
7135520610.0,1152325.1
5561300340.0,580428.44
9530100085.0,740486.06
6613000140.0,1031247.9
8835210130.0,351251.44
3782400190.0,401727.84
379000051.0,293035.7
3869900150.0,316273.6
4322200050.0,416741.1
8961980290.0,658027.2
2558670110.0,447148.22
1124000010.0,415581.53
3869900138.0,393696.06
7853300720.0,477094.3
251300110.0,334799.12
3904100041.0,330964.97
7701990300.0,838479.94
8682231190.0,498642.4
7888200240.0,255931.39
2025700730.0,308488.78
3066410800.0,742079.8
7576200040.0,750401.1
2526069095.0,1134017.0
2781270530.0,201451.0
3763300005.0,482146.4
1523049083.0,220819.3
923049468.0,242164.22
3303700221.0,557700.2
1502400140.0,213255.81
2880100160.0,843676.7
4083304535.0,731124.9
8820902549.0,593708.44
4139400060.0,738306.3
1222069094.0,308376.0
9367200205.0,506153.8
2734100736.0,327387.72
3856904580.0,536313.8
3812400789.0,335851.34
3303980090.0,1078043.5
1314300018.0,343229.97
9522400350.0,510275.44
7524350080.0,345901.72
9406520260.0,326435.47
3278602040.0,401764.16
7696620100.0,244732.08
3751600635.0,269735.75
6365900065.0,298378.34
8732800100.0,277739.2
3876540410.0,253472.05
7349660050.0,268586.25
1036700220.0,635104.25
5417600200.0,291024.34
8732020310.0,290914.47
6844703240.0,742118.3
923059206.0,342856.34
4038700220.0,558651.25
2597520900.0,596324.2
7203230040.0,834906.56
8820903560.0,322239.12
424069112.0,665670.5
6056100102.0,533929.9
1823069155.0,493022.72
9412400220.0,2367308.2
6851700381.0,938416.25
13001215.0,339005.94
3630180340.0,653754.1
6746701090.0,578931.25
3832050760.0,310797.7
369000690.0,470354.62
6071900130.0,593087.44
7266200085.0,594353.7
1473120390.0,446949.6
9523100458.0,540953.6
4345000510.0,283425.44
6600220090.0,386562.38
8079040320.0,394319.66
1357900060.0,394018.34
3996900295.0,326134.72
1442700250.0,471139.38
5021900175.0,354432.28
4365700130.0,323534.97
3876100320.0,693206.56
2124069103.0,358868.62
6700400140.0,289187.44
7852090810.0,540180.44
1454600038.0,933771.3
4137000250.0,304173.53
9826700726.0,542997.75
6716700325.0,565861.5
8562750300.0,515970.1
9315600050.0,1132487.0
2790410250.0,703127.6
7732410130.0,665879.7
1387301730.0,363469.62
1568100220.0,359355.56
3975400085.0,637376.25
339600110.0,377666.88
7888400500.0,277557.06
1842390130.0,623419.0
7595700025.0,345488.3
2158900140.0,577467.2
6151800070.0,317062.03
9294300515.0,604256.75
1250202660.0,731670.1
9106000005.0,901241.9
5035300085.0,614149.2
8898700440.0,302613.2
723049197.0,212495.5
2019200220.0,235583.31
2926049408.0,588484.3
4233600190.0,965354.8
9268851860.0,429517.97
5458800620.0,520788.7
424069096.0,524040.16
8150100265.0,194162.44
2742100085.0,337900.47
8045600130.0,464823.75
8039900086.0,323423.75
4131500190.0,321440.38
1370802650.0,692420.06
821049149.0,270649.88
5104520460.0,354684.4
5466750140.0,274160.72
1703900155.0,252484.97
8658303065.0,359646.84
3298720030.0,504720.2
1839900080.0,381127.25
1561600025.0,568972.25
6064800410.0,344260.78
621069102.0,259172.92
7853360620.0,425982.66
9385200045.0,615225.9
7214770020.0,572333.75
5412300100.0,266491.47
2025701360.0,279954.8
7334602070.0,303329.16
8029200190.0,213297.5
2622049052.0,601812.75
3126049261.0,332352.94
4443800705.0,470121.28
2473420100.0,322059.28
7922710520.0,522013.22
3336001911.0,307522.5
3797000300.0,488798.9
5406500480.0,566386.8
6706600090.0,457524.62
1518000230.0,404559.53
1250202990.0,907433.6
6441800060.0,776338.9
2141500070.0,436375.78
9407101900.0,273958.8
5451300117.0,1620501.0
326069132.0,410088.3
7153400100.0,266495.84
3083000910.0,452354.47
3021059304.0,317347.1
2597530650.0,646336.9
3972900215.0,351334.53
2473420070.0,315614.38
6115400008.0,484943.94
8682220230.0,672527.44
642150080.0,546044.75
3775300030.0,371170.5
5418200340.0,600509.1
2424059119.0,877527.25
7899800476.0,328439.75
8598200070.0,300310.12
2421059125.0,383846.72
9528102771.0,463368.12
7522500020.0,557483.1
7202340720.0,469905.7
3286800260.0,641692.2
1121059105.0,447632.78
7504030220.0,763530.06
4045100190.0,1452902.4
9406530090.0,363989.94
7138000260.0,286356.88
2600010390.0,607550.44
2917200365.0,456542.56
2191600780.0,211725.3
7784000180.0,443597.97
6149700194.0,428090.9
8082400136.0,692512.1
7202340930.0,553598.44
1972200556.0,515132.12
2767604170.0,395332.06
3271301175.0,527255.8
3223059303.0,475832.53
7598100735.0,808008.9
3348401490.0,343041.6
1545803390.0,283631.22
2296700050.0,520269.94
3626500045.0,607562.5
1596600060.0,280047.97
3616600250.0,1425602.0
8078560140.0,304943.2
1796360350.0,275673.0
2770601763.0,577932.0
3223069118.0,539716.06
2473372040.0,362604.44
3575302759.0,376290.88
5706200170.0,483314.94
1774000030.0,535460.9
2224700136.0,353116.06
1250200418.0,397803.56
5416500840.0,357884.6
7335400345.0,146515.58
3776300010.0,901692.2
8857320130.0,644323.6
424069206.0,722445.44
3592500985.0,795110.3
9828701295.0,284332.78
2621750340.0,337929.8
7334401000.0,281816.2
3286800110.0,667440.94
1722069097.0,432512.78
3574770030.0,555923.06
1336300610.0,937645.25
7230900100.0,380410.34
6141100320.0,467279.78
2767602356.0,716692.5
476000017.0,473338.97
2558600100.0,435220.84
3500100015.0,325952.16
4074300150.0,441999.03
8907500070.0,2389639.2
4388000260.0,219275.39
2475900850.0,223445.19
7852010900.0,541068.7
318500300.0,645569.6
9200000050.0,191036.08
1026069106.0,399929.34
205000120.0,601854.5
2616800600.0,1033178.6
921049141.0,475216.53
2023069059.0,442109.22
7229900145.0,546605.8
4376800010.0,2162001.8
4389201095.0,478472.62
826069127.0,286944.25
2310000250.0,491188.47
4058801225.0,499267.47
6600220550.0,1564645.0
3585300194.0,358426.66
2594200375.0,735478.25
1102000514.0,470398.7
1862400471.0,304718.22
6928000440.0,498349.16
9578060470.0,282762.0
8732020670.0,323295.88
1823069088.0,995424.6
8712100350.0,319932.5
3420069055.0,188398.88
4229900140.0,402498.03
8682280490.0,277690.75
3830630310.0,348349.16
5100400251.0,560329.9
1737100830.0,361457.97
1630700276.0,362873.34
6326000205.0,3575637.8
3426049284.0,377757.72
3814900260.0,2233077.0
7403200050.0,613788.75
1725059252.0,325573.47
8899200570.0,277209.38
4137000700.0,794783.1
1115300270.0,574896.25
3904920380.0,345783.97
2695600195.0,677758.1
9542100135.0,377038.53
1552510160.0,714326.1
1823059241.0,583597.7
2193320450.0,503684.2
1122069006.0,403080.53
7853340330.0,494303.28
1954420380.0,279220.06
7299600530.0,285405.8
1760650670.0,501291.22
6819100080.0,485859.47
2767704649.0,847622.9
2424059035.0,355282.9
1566100400.0,500259.1
5255690060.0,431140.78
8860500130.0,310509.25
7349650120.0,481375.38
3291800670.0,501786.8
3764650010.0,400807.47
5416500950.0,207505.58
7973202712.0,273492.12
3291800120.0,222888.08
9211500620.0,387526.06
8643200020.0,181340.19
9197100101.0,391899.34
3531900060.0,473521.0
8842400071.0,469958.47
6844701680.0,475618.16
6413600285.0,896131.3
5196410260.0,595911.75
824069121.0,424154.72
3876313120.0,789237.94
269000030.0,808908.2
1560930070.0,224188.3
4435000705.0,741147.7
9542400025.0,998171.5
2470200020.0,519125.0
7519000580.0,447380.06
1226059101.0,497668.9
4449800063.0,591871.2
2815600305.0,306823.03
3821200050.0,397319.9
2644900110.0,453426.5
8058500005.0,245584.89
1099760230.0,495310.97
1954430180.0,499096.9
7853360480.0,343942.75
7229100040.0,214426.88
1432400120.0,342865.3
1898200080.0,877963.06
4054520100.0,679893.5
2568200140.0,607749.44
587550010.0,664928.94
4154303215.0,853108.9
6358900070.0,396811.97
3277801640.0,319157.2
6209000165.0,308698.75
6143000020.0,402574.44
2591780180.0,263723.03
5412400170.0,271960.78
5466350120.0,662260.8
2877104196.0,272746.56
3222059007.0,255485.47
7957600025.0,266677.88
2698200210.0,474726.25
3764500230.0,374947.7
414100630.0,332008.16
8029740060.0,446904.1
1426049054.0,602248.06
546001060.0,437055.25
3277801417.0,681717.44
3630120970.0,955723.9
2326059080.0,359726.03
3278612370.0,349212.47
4024700100.0,256027.38
7697870860.0,696499.1
8562900240.0,225882.14
4059400585.0,515950.38
5703000050.0,856143.9
7701990560.0,286740.28
1760650610.0,409489.7
5408100035.0,1041285.0
1370800560.0,557928.25
2880100240.0,513294.44
3630060150.0,505773.28
6071700020.0,438725.25
2473002500.0,498604.56
2768300650.0,592315.25
3523089019.0,550120.5
2787250190.0,383846.72
9477940440.0,315261.16
8732030440.0,291302.97
236500050.0,854235.1
993000100.0,289160.78
5466700360.0,741748.4
7203220300.0,432107.75
8682292180.0,436596.75
5209200010.0,428306.75
7853360990.0,393827.06
8663310010.0,461771.66
2313900165.0,639979.5
6114600030.0,871049.7
3303990030.0,344867.88
6679000960.0,589988.56
8161000230.0,630684.7
9510860060.0,627512.44
1223089083.0,289204.4
2721049059.0,251809.08
2523039278.0,497338.62
9826700707.0,497588.66
2159900120.0,536510.44
2767600635.0,477228.78
3812400455.0,474886.62
7852030960.0,656798.1
319500080.0,313938.8
1061500360.0,379833.94
1787600209.0,466707.9
7888700030.0,831094.9
3623500260.0,1118077.6
4219400520.0,1842717.8
518500460.0,259809.4
2500600297.0,367915.16
7283900010.0,332796.06
9225900055.0,345618.0
4036800925.0,362092.94
7967900150.0,392678.22
1782000130.0,165600.22
3163600015.0,417919.88
254000075.0,1019357.4
1424059022.0,645680.06
2768200090.0,435212.84
4319200505.0,651495.7
1592000780.0,543155.4
1687910100.0,567234.06
5200100115.0,208701.3
3751600176.0,995811.75
5608010650.0,234626.64
2051200506.0,318547.88
2781280310.0,288708.06
1023059190.0,305588.1
2787310130.0,435028.72
4358700100.0,403638.47
3121069036.0,573596.4
1959700225.0,371513.16
3205500230.0,469119.1
7974200937.0,844290.6
6819100111.0,167840.62
6146600175.0,732185.6
1525069095.0,347103.06
1231000510.0,713076.75
4122700040.0,341096.56
2426039314.0,295735.78
2013200390.0,603107.94
1854900330.0,542530.44
1923300135.0,552518.44
582000135.0,312543.3
587800130.0,226917.52
7840800135.0,332603.2
6116500366.0,529598.06
6392002635.0,357368.7
5361700020.0,381893.53
106000395.0,357623.38
7199330390.0,499371.72
2484700155.0,452719.88
4038300070.0,346258.25
9407101850.0,694662.0
293610040.0,759558.75
7202360760.0,1145323.8
5608010750.0,311158.03
7236500025.0,356101.66
9144300120.0,427785.03
1454100267.0,497399.94
1377800135.0,257535.38
7967700570.0,600360.5
1562100220.0,568266.2
2923039243.0,715836.25
868002080.0,296154.66
7137960460.0,344741.53
1023089096.0,1408134.9
3262300818.0,575358.56
8563050110.0,491560.22
7137300245.0,348629.5
4365200630.0,1300169.5
4100500070.0,276258.8
3821400200.0,293215.56
5379803386.0,538804.5
4237901075.0,288251.38
8118600155.0,745962.3
8946780080.0,389399.44
1428000970.0,674656.25
7011201004.0,372186.38
2799800180.0,281337.7
522059130.0,567461.4
4315701163.0,480560.6
3649100387.0,450758.47
2125410210.0,237954.98
3224900130.0,362080.16
6798100661.0,872628.25
3626039325.0,473170.34
8730000270.0,823176.4
6065301040.0,219864.7
1665400165.0,328300.94
2203500140.0,408358.53
4058800875.0,326891.44
5076700025.0,530725.5
7853420110.0,269960.6
7818700480.0,376183.72
8658303080.0,545616.5
3187600100.0,375882.6
4077800518.0,2110936.5
2470100110.0,325268.1
3451000206.0,208904.38
1843200350.0,385622.34
7904700126.0,292907.62
9430000070.0,579801.6
6003500749.0,802044.9
7701990700.0,343421.47
1310820150.0,578556.3
3975400190.0,598119.25
4100000050.0,475328.06
7202270700.0,656347.0
7370600020.0,454852.34
126059225.0,359938.4
106000015.0,814537.25
4458800060.0,272458.03
8944290090.0,518211.28
8682250330.0,476114.06
9834200390.0,652370.3
3275880100.0,252599.88
7227501190.0,522789.72
1796100010.0,289684.78
3831200210.0,287829.3
2521039066.0,457452.28
7701800050.0,582726.0
3904960910.0,290851.0
5647900670.0,576504.94
7234600796.0,240763.95
3021059244.0,1101898.6
7787400030.0,555614.94
2051200436.0,389361.03
8820901415.0,677792.6
3523069047.0,465166.8
9194101388.0,323165.28
7277100610.0,1434833.8
9471200370.0,664915.44
2767800140.0,508817.78
3629870110.0,555398.9
9136102057.0,501824.97
8648900060.0,439619.94
3678900110.0,409902.28
2767600150.0,517512.4
1972201511.0,487738.38
6055000430.0,432969.97
6624030050.0,348294.3
2215450150.0,407054.16
2767603824.0,967124.5
3585900460.0,375742.2
2922069134.0,393717.28
9267200062.0,580160.5
7228500425.0,790861.5
1089000190.0,425756.56
3359500960.0,371295.66
5152100160.0,369882.5
7230300060.0,486772.56
2423059067.0,280572.8
8016250060.0,1015892.25
2524059267.0,405340.06
1438000440.0,589686.2
3326069026.0,302408.28
9353300600.0,657488.7
8691410060.0,559942.3
6332940070.0,296901.97
1310980110.0,226292.36
7428000120.0,537064.7
3626079040.0,324831.66
2722049077.0,319515.78
984220290.0,270719.16
5347200160.0,521617.97
4154303655.0,283583.9
2953000250.0,638169.94
9523102447.0,391804.3
5104511840.0,385929.62
3448740250.0,808026.0
4219400290.0,494073.97
5152100060.0,231576.55
3279000460.0,834025.06
1102001274.0,1067630.4
1251200155.0,267414.12
2025700740.0,380868.84
3820350050.0,574670.94
1245000438.0,505609.62
7853230200.0,271464.62
3832200070.0,433344.12
2926049400.0,716205.1
1246700251.0,549944.4
6372000155.0,329791.94
7950300670.0,588577.1
7518504130.0,372265.7
9286100200.0,452568.62
3992700585.0,835280.9
7234600786.0,384691.97
5476800069.0,1808557.5
1126059201.0,482309.88
9527000090.0,300810.72
402000115.0,862689.5
8818400450.0,236592.11
2475900840.0,309016.7
1437500015.0,483952.97
2848700095.0,345385.8
1529300135.0,633914.75
2597520090.0,217551.55
7812801125.0,394188.47
3343903647.0,198407.39
1951600250.0,276965.6
9542840590.0,1103541.1
8081010040.0,844896.1
3262301355.0,525082.44
1861400068.0,380047.44
3295900490.0,271823.72
4345000440.0,819221.4
4219400465.0,291780.28
3797700030.0,609496.06
3204300860.0,526547.0
1930301555.0,327444.2
8807300130.0,276956.4
4391600035.0,1181407.4
5021900140.0,283669.1
2946000590.0,527134.2
686400210.0,269482.25
3365900462.0,468075.72
8682262170.0,319916.03
7312400325.0,458040.1
3760100100.0,477183.97
3579000410.0,643022.44
1773100755.0,378094.38
7129300175.0,238216.5
6303400965.0,336093.16
1328320440.0,247804.08
3686900025.0,365588.75
1221039066.0,304971.62
7950304095.0,956471.06
3585900785.0,500938.97
9455200329.0,750729.44
629410130.0,550141.9
1994200375.0,768934.6
6669200370.0,222150.27
7262200150.0,615581.25
7504010750.0,336869.6
5253300173.0,315978.9
3395040200.0,330953.53
322069109.0,1201775.5
4054510270.0,512804.44
1710400005.0,665717.75
8644300170.0,693930.25
2450000290.0,780516.6
6102400166.0,476641.9
1934800087.0,260669.6
3333000775.0,301348.03
5393600509.0,323173.62
621069039.0,688742.94
3343903611.0,1299248.9
2954400020.0,222972.6
7972000010.0,513804.66
7214810510.0,451272.94
5561300540.0,670801.7
2634500070.0,688243.75
6822100310.0,355236.12
9201000100.0,517893.9
1072100085.0,310882.44
6190701146.0,380610.62
3277800845.0,569378.56
112900020.0,364730.25
1324059048.0,376126.8
7979900126.0,487324.16
7199330370.0,301649.03
6381500720.0,677496.1
8078550190.0,377176.2
7853440140.0,360160.44
6300000396.0,301705.2
3374500250.0,710739.7
3343901188.0,477157.06
6979900010.0,305811.25
7199340320.0,293250.1
1112000125.0,296239.53
9269200150.0,589523.44
5104510210.0,173978.81
925059219.0,268320.8
100600320.0,340832.5
1789900080.0,536215.5
2123049142.0,545447.4
2459900040.0,334277.4
3902300450.0,265662.22
7250000065.0,230777.55
7823700005.0,575906.0
3750605247.0,368678.34
2771601730.0,691486.1
3298600440.0,428518.8
9141100005.0,269811.4
8682262190.0,1349676.2
9407111250.0,574411.9
1336800010.0,281056.7
2255500060.0,307747.38
7950302345.0,960916.2
8658303585.0,323573.94
9184700600.0,317260.2
8068000440.0,725691.9
1310000130.0,219040.9
7853221330.0,351211.44
1222029077.0,352484.94
8562891100.0,430002.84
2517000260.0,192883.77
2225300149.0,559048.5
8651410330.0,331497.5
2413910050.0,326098.2
9407100720.0,763051.2
2112700920.0,643837.75
3761700251.0,620922.94
1036400100.0,779705.1
3585300365.0,497253.72
8562750060.0,328170.7
2719100042.0,547613.25
952007055.0,851792.7
925049318.0,297827.4
7203220260.0,549624.3
9320990140.0,208858.86
8567450140.0,559555.2
5379800810.0,399914.94
7784000100.0,395712.97
3992700475.0,420969.3
7905380280.0,553657.6
943100683.0,1236420.2
8029770470.0,403280.97
2818600060.0,329018.4
1226039124.0,250571.64
726049184.0,625302.25
795001930.0,370401.0
339350150.0,614222.56
1332700270.0,478077.03
7548300170.0,622430.25
6141100330.0,696563.3
647100096.0,318935.7
6744700423.0,385429.16
2895800750.0,341747.38
4046600220.0,857588.06
8809200070.0,283276.53
293700110.0,355717.0
4178500440.0,266278.94
4358700164.0,325766.97
9197100263.0,544076.06
2426039313.0,484395.62
9468200163.0,397696.0
475000190.0,502330.75
7504180170.0,481964.84
4036800170.0,503258.06
2561330040.0,750948.44
4123400340.0,354335.84
524069115.0,277218.56
4047200850.0,528219.6
8651440230.0,672629.94
3905030140.0,409999.0
510000641.0,557960.9
8663370020.0,970472.2
2883200760.0,548633.6
1980200384.0,278686.75
9468200140.0,529873.3
1796370150.0,552545.25
9238900085.0,962750.2
9191201325.0,824561.3
2538400060.0,386244.1
3758900037.0,361802.4
2472920800.0,297757.06
321030150.0,301873.75
2571910100.0,811561.8
1423910670.0,608963.56
1118500030.0,491671.8
1939000010.0,634200.75
1776460190.0,366699.4
7504400290.0,540253.5
3448700070.0,528885.44
7518501025.0,269515.6
923059252.0,535347.3
1431700210.0,1259038.0
8635760480.0,496133.03
9175600025.0,487333.38
7922720250.0,243821.97
8944360390.0,293635.0
8948500065.0,495451.78
8669160310.0,318466.0
6117502745.0,355423.38
1789800020.0,271978.75
226039186.0,541084.4
6457000080.0,620780.5
9557300080.0,508095.72
8562790480.0,806316.44
6430500008.0,730602.75
1604590230.0,290987.72
9542850290.0,941126.0
7831800395.0,725714.4
3317500030.0,414671.06
624101110.0,712651.1
3654200039.0,296749.3
7856000150.0,404977.06
4338800685.0,526896.2
3211230300.0,313480.8
3904910650.0,368201.94
3598600088.0,504729.8
3796000400.0,285653.94
7972601280.0,840121.0
1450300050.0,486455.72
7504050090.0,400666.38
9202650130.0,656904.3
2419600075.0,378974.75
1224049005.0,195008.72
7129303240.0,591993.9
1922059135.0,1896249.6
7852020250.0,289432.34
4139910180.0,899345.6
4222300040.0,510596.8
1024069027.0,726052.06
8944600620.0,620984.9
5040800060.0,234160.39
1036400200.0,479481.4
7899800915.0,558917.9
3325069025.0,387494.8
9408300310.0,798619.0
1773100604.0,201207.08
5451100490.0,370381.28
9536602080.0,435553.3
9828702055.0,418571.84
3362401758.0,322225.28
476000333.0,279445.34
4364700730.0,267689.47
5559200020.0,250964.28
7522600110.0,619555.94
104510440.0,248209.47
8820901275.0,480519.9
3298700125.0,527965.75
323089172.0,509273.97
5364200477.0,697091.4
2222900082.0,358916.03
6641800020.0,287023.47
9358001422.0,423832.9
3438501150.0,537064.7
2206500430.0,592794.8
9272201318.0,530556.94
585000095.0,316065.38
7708210050.0,463247.06
9407000840.0,782850.44
4027701265.0,399579.5
8644210050.0,227234.48
8656800020.0,313446.03
3329520170.0,174847.62
5104520720.0,630848.9
3806000005.0,279882.62
2330000015.0,382569.44
1447600410.0,282995.5
8641500252.0,382122.1
6084600420.0,601461.2
441000115.0,534238.75
2597490030.0,377078.8
650000030.0,380726.12
3585210200.0,573388.5
5416501030.0,465045.2
5406500170.0,483911.9
2916200065.0,555685.2
3330501975.0,234591.03
1774220070.0,377821.66
8731730710.0,372566.56
7861500150.0,311036.1
1402630190.0,600063.44
9117000230.0,658253.4
7133300380.0,358395.12
4232400470.0,244676.81
1773100972.0,436500.3
9413400165.0,845266.94
7658600025.0,311768.66
6909700040.0,612124.44
1402900380.0,624865.1
6625910100.0,335714.5
3204900010.0,168600.69
5162100820.0,542320.56
5560000480.0,1118026.5
1704900303.0,683129.44
8084900170.0,287124.34
2887700091.0,361697.12
4331400190.0,482087.4
3762900130.0,730519.56
52000067.0,526597.56
5430300120.0,275134.34
8956000460.0,335292.75
8856950310.0,365220.5
3364900156.0,868884.8
9310300211.0,349649.7
6448000020.0,558977.75
123039570.0,370509.4
7600065.0,902191.8
3123039171.0,367426.97
8964800445.0,561757.2
7857000732.0,713157.56
7525410090.0,734191.0
9541600350.0,351383.78
3186600515.0,792029.6
4123820450.0,319597.97
2505500030.0,370920.38
1541700240.0,373909.25
6629300120.0,361875.8
7399800150.0,544033.94
9517200180.0,372430.97
1313300340.0,349542.6
7967650010.0,648658.3
8807810090.0,298532.03
8815400670.0,342907.12
2310030500.0,316078.9
2241700075.0,349998.72
2287400030.0,295805.56
2827100075.0,432794.97
1310700390.0,1008274.8
5498100010.0,442190.84
723000114.0,235762.39
6431000987.0,533502.94
3356407665.0,436199.1
7852110050.0,226374.88
8677900123.0,544439.56
1917300260.0,833651.44
3396800280.0,322117.38
8691420050.0,382156.22
9368700006.0,596041.3
339600290.0,340963.03
1592000250.0,539987.3
1471701780.0,232458.64
8928100205.0,1505479.9
5029450100.0,311803.2
5493110080.0,704644.9
7883603750.0,386534.7
1732800175.0,539361.6
1518000290.0,280570.47
8604900017.0,515703.75
5379805160.0,401793.2
1254200835.0,212638.33
3179100482.0,581655.9
3313600266.0,628479.7
976000879.0,368929.9
8819900220.0,476834.47
2130701535.0,288829.0
1176001124.0,634824.1
7893805650.0,996896.6
3885806840.0,748832.2
3625600190.0,243517.56
8562790150.0,478225.34
7348200115.0,355242.34
955000453.0,511538.03
6817810310.0,791462.0
4040400340.0,329746.38
1644500050.0,688679.7
8029500100.0,449302.6
5244801230.0,715998.5
1115100119.0,572064.8
9542400010.0,422062.53
423059387.0,330859.16
4023500990.0,254190.66
7899800857.0,335441.0
2976800796.0,434912.72
1074100020.0,404760.9
446000010.0,823132.56
7942601200.0,737318.8
3575305495.0,708244.5
8691310040.0,537874.0
6117500430.0,500287.6
3924500130.0,258570.02
2028701075.0,490826.34
4330600360.0,652936.56
1324079082.0,529348.5
9268200484.0,813785.6
9828701605.0,1051395.1
7518506715.0,420531.47
5315100277.0,507341.06
3942900115.0,591590.94
1561930020.0,381004.8
9510970090.0,546155.8
6163900821.0,265461.4
9510300220.0,537811.7
3869900146.0,374521.22
9262800208.0,640770.75
2522029039.0,520818.62
6865200095.0,653009.06
3782760040.0,243588.23
4237901250.0,527691.8
2891000610.0,350642.8
2749600095.0,633667.06
5422810010.0,297895.28
3629980350.0,524649.1
2459500070.0,626954.3
5113400364.0,671176.4
7533800885.0,192308.52
629410190.0,551574.9
8651431100.0,365954.2
7960100050.0,265021.16
1842200040.0,349606.84
425200205.0,533456.7
9477201470.0,334538.16
7905200365.0,383544.9
6381500635.0,387817.84
6052400175.0,1207561.8
1236300268.0,234252.05
6072800265.0,386136.94
3423049311.0,357544.75
3755100540.0,409471.1
7852150120.0,226425.12
4180300050.0,433997.84
7625701935.0,2094897.0
7132300550.0,512887.72
3025059093.0,554411.5
8161000220.0,342838.4
7852011020.0,569217.1
2599200160.0,281621.38
5536500020.0,479138.84
2095600150.0,688363.25
8910500226.0,602880.9
1681400010.0,316051.88
1424069110.0,447073.72
5127001620.0,285675.44
7940710070.0,589907.1
2413300980.0,285868.9
7853400250.0,431212.0
9542801310.0,292865.78
1890000169.0,450875.53
2720000120.0,280523.75
9424400105.0,360789.4
7888780090.0,498566.72
3501100280.0,742897.56
3905100220.0,685327.5
723000150.0,472288.5
8691310980.0,249475.05
2297400250.0,513804.66
2892600056.0,403044.1
5273200080.0,637734.5
5145100460.0,819064.7
5561401260.0,1072476.0
7732650040.0,259546.1
7504101280.0,606255.56
8581400345.0,578607.44
7129302800.0,601294.44
9551201560.0,264568.75
1546600020.0,247131.55
2648000071.0,484624.0
3339900640.0,277197.88
7853301240.0,688068.06
943100262.0,332108.66
7202430150.0,376193.78
3558000120.0,252846.34
3890600150.0,528499.0
7452500315.0,579158.7
7173700591.0,486795.53
438000015.0,398259.2
928000020.0,351405.34
3830700010.0,357120.5
3845100640.0,385867.44
6675500112.0,384833.06
1773100920.0,524337.0
9485940330.0,543102.9
5561000600.0,267436.12
1786830090.0,360547.84
2011000020.0,1774879.2
8024200681.0,246784.16
5452301810.0,1022928.5
5515600075.0,527651.2
357000135.0,713377.8
2541100010.0,464953.97
1090000036.0,680419.94
3459100300.0,447566.47
2450000295.0,732868.5
162500015.0,407231.22
2592210290.0,559866.0
5101405265.0,796513.2
1122069019.0,315069.9
7501000220.0,247387.48
1310900140.0,379938.97
3298700941.0,426185.5
1972200382.0,599541.06
5100402764.0,486116.22
2623069069.0,421796.62
6372000280.0,464212.22
4305600240.0,202363.03
2767602094.0,729205.2
2500600289.0,446937.2
7203160090.0,1050650.4
3521069146.0,806581.1
824059321.0,457150.22
9348700610.0,428730.97
7228501745.0,536282.75
6021503656.0,459107.34
5437400630.0,394025.4
2207100740.0,650865.3
7202000220.0,224220.2
629811340.0,175337.11
1324079029.0,216549.67
418000010.0,1151359.5
6303400290.0,295113.8
4139910030.0,202258.33
3023039066.0,341607.56
8698600395.0,1216956.4
2799800710.0,502689.0
7351200050.0,379140.3
8564860270.0,1567924.8
2591830020.0,480298.44
4139420430.0,274001.9
9828201725.0,177261.47
2420069604.0,1081452.5
7224000315.0,323718.62
3861470120.0,339403.9
3222069151.0,297639.03
3869900155.0,622051.44
123039346.0,674868.94
305010050.0,677937.5
2141340040.0,510976.94
7504021310.0,352478.75
2436700315.0,303357.44
8732750100.0,806171.3
3298201290.0,216463.05
9241900150.0,308132.22
1180005220.0,264879.66
5540000050.0,310038.9
9211520400.0,502077.78
2623029078.0,368149.78
7132300695.0,345759.8
6430500219.0,299107.28
6084200100.0,544086.56
7140200280.0,496947.34
3904910610.0,302052.66
7625701900.0,238577.83
9432900560.0,283468.0
1388600110.0,393063.06
9126101201.0,583810.1
4224100030.0,257142.67
1109000390.0,826890.6
3336000296.0,258259.72
7504100590.0,640326.75
2025701060.0,306836.06
7527410080.0,518687.75
7304301045.0,516636.75
2591840050.0,763969.3
2767602490.0,282707.78
5494000040.0,520075.6
2473251090.0,309825.16
3825500080.0,618605.56
2309710150.0,469483.62
8901001335.0,346948.44
1781500435.0,559146.56
8835220200.0,1044387.56
4037500335.0,310861.25
1338300180.0,794146.0
7968000120.0,245616.61
686050100.0,411113.34
1180008315.0,685243.6
1657300280.0,601562.5
7856600170.0,507360.38
4154303125.0,590797.9
3295730050.0,619271.9
1777500090.0,364437.12
203600470.0,298466.5
6673050020.0,429667.7
8731980680.0,297659.12
2273600260.0,504000.47
1000102.0,281443.16
4197400005.0,721767.0
3378100100.0,804943.44
7856620210.0,392614.7
9275700765.0,191168.69
1246700136.0,185277.81
4239400740.0,801349.8
3306300630.0,275510.8
2524049056.0,293929.06
2023049245.0,320308.66
3210400340.0,476574.78
2621760350.0,628737.5
526059183.0,615085.06
8078460050.0,421769.66
7504110050.0,303560.56
3876312840.0,677985.8
9268850350.0,404786.53
8085400490.0,343735.9
2722059185.0,661952.56
3644100101.0,1801622.0
1321700030.0,909944.8
5608000630.0,244252.88
825059349.0,497560.34
6083000071.0,375788.97
9164100105.0,516024.38
1425059145.0,431093.28
5210200184.0,1149457.6
9477201370.0,776224.8
2927600630.0,566043.9
2619920170.0,516785.03
1560930450.0,614057.56
2896000510.0,380749.9
3034200067.0,490585.1
4025300360.0,351852.1
3362401295.0,526354.8
2391600555.0,274515.1
7550801170.0,461857.78
5347200175.0,401731.5
8910500471.0,392159.94
7199340560.0,455423.34
9266700175.0,348528.9
808300270.0,447674.22
2487200875.0,281710.53
8728100781.0,431556.56
5379804888.0,405850.44
6619510060.0,388754.0
5416500680.0,492985.4
1862400087.0,304682.06
2126049277.0,1426289.8
4137000070.0,630823.6
8081500060.0,583385.4
686800065.0,331239.7
5561100180.0,504681.78
798000342.0,1095234.0
5603700095.0,563002.2
7151700585.0,621176.94
8129700565.0,366709.12
2782100260.0,502493.12
7011201106.0,351898.34
2423069084.0,296629.28
8141300300.0,582806.25
6601200040.0,262121.03
290200230.0,247834.16
1423900220.0,368511.84
7303200450.0,243478.33
3755100220.0,1104407.5
796000235.0,716589.06
7237501040.0,771719.2
7203220400.0,552234.06
9285800275.0,569489.94
2061100435.0,1913348.8
6414100025.0,454261.1
5317100750.0,513515.12
6145601000.0,604226.75
5634500775.0,520240.03
7375300160.0,369754.66
9558050360.0,220881.95
4151800420.0,655896.3
3751600146.0,634060.94
5302400080.0,452232.72
357000005.0,328731.75
7283900306.0,561428.6
3738900105.0,459231.34
6822100305.0,512021.66
7436000205.0,385201.6
3295730040.0,284938.88
1526300015.0,259673.47
3294700101.0,387283.12
8864000970.0,262835.38
5469502700.0,335688.28
8078520310.0,169763.84
6154900130.0,375738.84
8945200830.0,226726.88
1085623630.0,614552.7
4013800131.0,557982.56
2287000010.0,254534.33
546000930.0,555566.3
4051100390.0,312826.06
7203100120.0,347069.72
7523850150.0,237840.56
3826000665.0,499518.7
1311800560.0,475198.72
2877102180.0,450061.1
3221059044.0,711962.0
9169600110.0,799176.06
9510920040.0,858823.0
8813400155.0,655545.3
3896100130.0,272545.9
2568200740.0,423228.88
1217000340.0,485822.8
6430500086.0,531175.25
5634500234.0,988992.7
825049073.0,533580.06
2391601445.0,157793.47
7881500330.0,312599.28
1721801591.0,389720.9
2473390710.0,397488.22
5634500891.0,270063.06
5515600163.0,548889.06
2560805630.0,367599.38
8078350280.0,626177.7
9477201060.0,332091.44
8827901350.0,527316.6
3560800040.0,333719.16
3034200370.0,516523.1
1328300040.0,425776.06
2483200010.0,245475.86
6071800480.0,749487.4
6200017.0,480782.22
8149600065.0,515255.25
3362400615.0,278742.34
7518502945.0,520100.5
8001210120.0,2104907.5
8682280340.0,462556.1
3623500408.0,358515.0
3764650070.0,804662.4
7937600380.0,482318.97
923000580.0,281656.56
217500005.0,563557.25
5419800510.0,314615.25
8562901250.0,349298.0
2212200100.0,565778.6
2310100240.0,189648.31
8582010240.0,260818.98
8651410670.0,363887.1
3330501645.0,314505.06
8113101232.0,318747.16
7849202190.0,290650.94
1864700300.0,241628.95
5231000060.0,590524.06
1565900070.0,414508.88
7555220140.0,406486.72
7518505160.0,440569.7
3322049005.0,276309.22
808300550.0,413045.16
66000265.0,406431.5
2880100675.0,1341590.6
1524079156.0,324440.6
3625700010.0,307326.56
3259400024.0,290234.3
3205000310.0,434453.0
807800190.0,776942.2
2783600210.0,376314.3
9290870040.0,553313.44
2561360120.0,240091.66
8857100180.0,670536.2
4388000070.0,525042.1
3860900003.0,266789.78
1176001119.0,248484.89
6084600330.0,348794.2
7985000100.0,492160.4
8026200080.0,528987.1
3210600010.0,487830.5
7558300170.0,637453.0
7852180340.0,169857.12
524069011.0,256160.97
3361401011.0,226089.83
6117502455.0,302285.4
5602000025.0,378789.03
4142450490.0,495738.22
5306100255.0,791370.2
1795900120.0,506901.47
1193000280.0,987513.1
9238480120.0,561231.7
3630200780.0,955692.3
1250201130.0,504230.66
7796000095.0,331615.03
8635760040.0,487448.38
9476700135.0,267885.75
5249804510.0,631607.3
40000553.0,424212.9
3204300625.0,323134.72
2596400050.0,406921.44
2724069103.0,587476.4
3744000040.0,430792.7
7525100590.0,1325518.8
3705900292.0,1000760.75
6169900790.0,1165277.9
8127700735.0,827427.94
3761700067.0,567772.06
6065300570.0,514654.72
4022902050.0,1405649.0
3886902590.0,581027.44
4107100190.0,407777.78
2909300150.0,376354.5
384000135.0,305523.28
1005000036.0,529705.06
8856970530.0,390547.03
3448900320.0,1291715.2
6713700100.0,554379.2
2260300060.0,795639.2
7273100026.0,330393.5
1277000020.0,342707.03
2620069113.0,268163.9
4166800080.0,239563.94
8731902680.0,611546.56
2599200830.0,824359.5
7569500010.0,552309.2
1825069031.0,694164.6
4443801495.0,547804.4
7805450110.0,893666.9
3345700207.0,388747.03
1560920450.0,334407.75
3629950010.0,962569.8
3782100035.0,287986.0
5561400340.0,930059.4
1898310110.0,457431.0
2122039094.0,281992.34
631000040.0,338205.8
293000145.0,345841.3
8121100015.0,298217.22
3205200430.0,1238110.0
2475900565.0,378971.38
1651500040.0,303408.84
3955900500.0,285312.8
7907600100.0,324044.53
3123039136.0,341043.12
3972900735.0,288439.72
1424059130.0,324387.56
6792200282.0,315833.03
910000104.0,368978.94
3751600784.0,343128.28
946000295.0,415226.12
7749500070.0,285215.1
255550070.0,605444.25
5151600340.0,603861.5
5415300060.0,214093.16
287000110.0,461242.44
7585000110.0,798965.0
8121200460.0,319493.88
6891100090.0,567988.5
7575600100.0,383215.97
4240400140.0,1063518.9
4046500510.0,591801.1
2944010240.0,366213.2
3449820380.0,571728.9
7203102140.0,415373.53
8665900291.0,857790.6
1775930010.0,351682.56
1118001631.0,633679.75
8911000445.0,492458.53
117000100.0,492314.1
9284800085.0,311465.8
2795000080.0,247968.55
123039207.0,1082702.1
1312200080.0,534326.25
1236300290.0,780820.2
7549800168.0,524427.56
6891100260.0,470768.84
6072000910.0,519786.7
3226049184.0,527833.8
1442880320.0,491648.56
23500190.0,200494.52
6021502070.0,197775.38
4168000110.0,223108.25
792000006.0,567261.8
9558200210.0,589203.94
3840700757.0,353159.44
3876311650.0,229760.72
1328320800.0,284131.1
5006000170.0,205655.17
7575600430.0,1560182.6
7686202580.0,403919.62
2524069097.0,357724.06
4292300024.0,678862.8
2726049071.0,502889.75
3526039019.0,218301.53
3300701365.0,312125.06
1274500170.0,632797.8
7282300095.0,3864069.5
8562740440.0,776958.5
3761100045.0,474708.44
2877104265.0,766739.9
7940710100.0,947031.94
6071000030.0,3043565.5
6448000100.0,337176.72
2923500230.0,469325.47
6751300375.0,604220.75
7214810350.0,281330.66
1088800470.0,330062.62
7129300420.0,398259.2
6149700405.0,662763.9
9521100855.0,251210.83
1861400116.0,631556.7
2787460720.0,352426.22
6073240060.0,910172.6
291310100.0,2208403.8
1247100035.0,544792.8
2626069030.0,2110018.2
1326059085.0,188031.3
6447300265.0,798357.5
8651401270.0,1106054.6
3524039209.0,362054.6
3226069049.0,425986.56
7548300425.0,747197.25
1438000360.0,570839.9
1777600900.0,286999.47
5244800695.0,817830.0
3387900390.0,478432.16
1954700615.0,269255.7
1026049036.0,617054.25
1683500180.0,847668.25
1939130420.0,424884.75
2021200530.0,293484.4
993002325.0,444045.0
2780900220.0,602271.94
2540800390.0,516473.7
2919700540.0,284306.7
2787250090.0,221165.94
8651442520.0,976043.7
100600860.0,522569.16
1437580480.0,443901.4
3886902505.0,554449.25
173000140.0,426536.84
5151800045.0,305181.25
3010300240.0,292052.44
2085200261.0,439595.6
1839500065.0,332051.22
1049010300.0,448882.34
1328340540.0,610696.25
8887001625.0,305889.12
5332200320.0,344014.72
7137960030.0,544055.0
5468780250.0,324186.7
2436200715.0,1157221.5
5137800030.0,401107.94
1068000520.0,485085.7
5379805121.0,701434.5
7445000105.0,1186867.6
7942601895.0,334289.0
1727850350.0,650242.25
9407150310.0,429864.78
5569620550.0,213414.28
3179100480.0,285472.6
3624039111.0,363912.8
7844200050.0,694491.44
3304040020.0,213445.98
7739100155.0,211159.36
6099400053.0,404742.6
7468900270.0,370703.3
396100025.0,413627.62
1160000255.0,325977.44
6300000320.0,320512.06
6392000570.0,535073.75
7387500235.0,513333.66
1121000058.0,393830.6
9828702120.0,607622.8
7715800310.0,365217.28
8562740370.0,654249.25
5637500070.0,411195.47
5561400470.0,384564.7
1189000205.0,357447.28
2412100025.0,541576.4
1073100065.0,534187.25
5160300020.0,457222.5
2770601677.0,338150.0
5104450070.0,362239.9
820079043.0,361509.0
751000190.0,1344849.8
1823049179.0,516641.7
7430200060.0,565684.7
3331000035.0,499604.06
1775910370.0,633133.9
3626039299.0,337484.16
1546600125.0,266309.6
3260810150.0,430314.6
6817800330.0,430519.97
414100045.0,1501278.8
1326039061.0,1913077.4
4055700030.0,426259.66
1225069038.0,251269.95
2296700260.0,510528.62
2822049160.0,349965.03
3395300260.0,751527.6
5144000036.0,366991.5
809002290.0,204162.88
7334501410.0,956155.25
421049114.0,540917.06
2623069010.0,329390.66
1133000144.0,614027.0
705710290.0,245020.56
7313200120.0,338053.1
1269200150.0,1753555.9
9264930970.0,280325.4
6819100020.0,258053.12
5112800421.0,259711.69
7846700850.0,535600.3
7227501450.0,480868.2
5451210150.0,550670.7
4140900140.0,546865.4
3537900180.0,360306.44
7738500475.0,340832.5
3541600450.0,274606.06
5379800040.0,348056.88
6664900330.0,559146.56
6056100312.0,459762.03
7766200013.0,865068.0
8651720470.0,827084.4
5690500095.0,486318.03
5423010180.0,554222.94
3204300610.0,1030324.56
3425059066.0,1160499.9
7856660130.0,908994.7
2954400520.0,526152.56
2327000110.0,521567.97
9526600340.0,1072318.5
7695500200.0,302690.1
7237501180.0,568516.25
2008000550.0,754770.0
1123059126.0,1571077.5
1775500371.0,527311.56
3459900230.0,400109.84
2619950310.0,353649.28
1771100330.0,260639.72
1321059097.0,308043.16
2420069278.0,457273.56
3832050570.0,723057.44
7132300525.0,311097.06
8691410700.0,364991.4
7967000150.0,754242.8
1328300810.0,436014.47
711000110.0,343604.1
9485951460.0,211503.98
1771000970.0,422236.1
2817100900.0,509623.72
6817800630.0,380685.34
3558900450.0,210119.81
7215400770.0,273666.44
4222000320.0,981013.5
2791500270.0,642072.9
424069018.0,556502.06
9547205180.0,1055461.0
5631500947.0,450253.06
1425059193.0,499755.84
567000775.0,489862.25
3904900610.0,428711.34
3649100346.0,370894.06
1624049228.0,519080.25
1559900080.0,222080.16
2919702040.0,1067293.0
4013800206.0,641208.75
1025039292.0,239918.17
2771604640.0,276917.34
7203600550.0,630918.4
1545802830.0,795320.1
3303910010.0,278700.66
8617000060.0,410471.88
7889600190.0,522844.9
3325069064.0,299539.62
6300000337.0,368456.38
1172000150.0,838569.5
3348401319.0,751958.44
4188000490.0,441819.53
7779200355.0,248454.72
8029900110.0,350403.4
4060000290.0,262005.06
9475710040.0,449644.16
798000535.0,319403.5
6415100410.0,350161.16
4299700095.0,255845.89
6117500955.0,555393.44
2421039075.0,299861.22
3362401935.0,673327.3
1545800205.0,1011685.5
7645900235.0,521562.97
4141000060.0,714561.56
9485800050.0,238472.61
2436700280.0,672869.1
7335400400.0,489445.8
9294300495.0,369230.75
6649300190.0,317216.75
7950303270.0,561176.94
2391601010.0,634607.75
8129700728.0,553044.7
7871500685.0,467227.34
1498304065.0,558064.06
3862710010.0,303879.72
9209900335.0,461603.78
952006857.0,456041.88
2322069168.0,523507.4
1775801090.0,409237.16
5700002165.0,771428.06
4029400080.0,1862992.6
7796100080.0,441742.06
9279700150.0,298852.28
3876200060.0,758900.7
2934800025.0,254312.73
9359100101.0,391231.25
4027700466.0,322834.94
3204800430.0,665056.94
5415350770.0,532778.7
1443550020.0,297458.3
2810600022.0,421203.84
1238500281.0,458423.97
2591020140.0,259599.16
7137900960.0,301912.1
1328340630.0,337326.0
3529200190.0,723236.7
1624049291.0,664349.8
4083301120.0,551007.56
1873100060.0,316603.84
1773101159.0,497244.3
7214700350.0,561998.25
3856902250.0,509526.53
7169500130.0,428507.03
4038300010.0,357371.8
9578500810.0,360150.94
3345100184.0,486841.47
452001860.0,468671.56
7905200037.0,478328.75
9376301110.0,290602.2
873900240.0,462232.62
8682262400.0,175724.39
7227500910.0,405718.16
2392100090.0,398654.38
3221079050.0,343098.4
4307320280.0,430990.4
3211270170.0,653160.6
726059483.0,654579.56
424049043.0,582938.06
6865200140.0,444081.94
1155640050.0,1471912.6
4139430250.0,214411.77
818500100.0,192183.73
7999600180.0,676669.44
4099501215.0,437969.94
4046700140.0,239081.78
8857600490.0,529043.1
8677900120.0,207808.97
5379805253.0,261109.55
9211510410.0,278821.12
2337000150.0,320369.1
1423049029.0,438628.22
4036800580.0,334816.53
3942900010.0,345711.53
3438502715.0,367937.97
7625702441.0,428389.2
3905100610.0,566547.25
2218000335.0,456410.97
3034200516.0,429600.7
8024200625.0,345189.97
8564500020.0,502765.47
9550202700.0,585812.7
7518508625.0,355682.62
1822350070.0,742496.25
8921000040.0,1547820.4
6648150090.0,692193.5
2402100675.0,306034.56
42000127.0,526112.2
5100401160.0,301689.88
7347600507.0,352859.1
1839910300.0,701815.94
1250201550.0,314948.75
9460000010.0,198355.52
3356402232.0,575527.8
6819100150.0,278367.38
8645501330.0,866223.0
1556200005.0,191684.17
40000228.0,366816.22
7300410010.0,370059.6
4299000030.0,457065.16
2629600016.0,346197.78
662310900.0,384905.38
1909600046.0,208271.55
7893207490.0,1237012.0
2524049318.0,635129.7
924069210.0,325570.66
1591600527.0,1166540.0
98000060.0,508362.1
6392002020.0,400883.47
2719100400.0,434449.0
8018600655.0,418461.2
2141500020.0,452459.44
3277801580.0,897658.8
7237500110.0,589209.7
626100023.0,296891.97
4319200820.0,385198.16
1422029138.0,371028.97
9517200610.0,301901.84
7334600280.0,594706.06
8820902400.0,538606.8
8944600060.0,342372.84
100100050.0,262930.25
8074200100.0,650484.8
1836980240.0,311925.53
6648500440.0,596359.5
9530100225.0,560837.94
2883200875.0,804296.3
4218400175.0,569267.25
1022069183.0,460821.3
6398000171.0,417158.9
5021900160.0,526739.25
8078410250.0,308549.12
7972602490.0,607333.4
1962200435.0,262828.94
7221400285.0,257730.95
273900030.0,499452.3
2708450020.0,417900.8
4083306616.0,603616.2
3034200435.0,1138179.0
7855000550.0,541979.75
871000155.0,474169.84
8024201714.0,1067064.1
2625069038.0,718638.44
2324800350.0,1036007.6
5450900010.0,525561.7
1822039225.0,299107.28
2460700700.0,329441.88
6679001060.0,316850.47
2422059111.0,341438.12
1250200345.0,346282.44
5589300370.0,1292842.6
2021201000.0,271639.62
4302200336.0,302767.0
1328330290.0,356897.6
3438500781.0,608818.44
5453700020.0,380746.5
123039147.0,929296.8
8691310070.0,393296.3
6450303785.0,446366.8
114100234.0,428020.28
9212900820.0,353357.75
4270600025.0,424306.03
7201600190.0,946439.3
521049227.0,423078.03
6300500479.0,222113.45
1432600100.0,282467.47
1024000109.0,302249.6
1430800100.0,503727.28
9164100125.0,508187.72
1925069183.0,873899.3
7852160080.0,948333.1
5317100780.0,558564.2
4083304835.0,724852.4
9478400080.0,217126.6
4463400195.0,496660.03
4232901525.0,360964.38
3845101070.0,301404.12
1843130980.0,341925.94
3810000480.0,321680.6
7137960440.0,366744.8
1231001115.0,436383.8
5101405340.0,504782.62
3723800409.0,191872.97
8651430370.0,311880.3
6135300010.0,441831.78
23520380.0,472009.75
2935400100.0,895723.25
6137500320.0,329877.38
7841300230.0,374834.34
3521069051.0,305507.72
2621400080.0,331222.53
5104530240.0,426466.56
2022069200.0,447744.7
5469501850.0,359444.2
9206950110.0,327907.56
3298300210.0,335214.28
2810600015.0,521193.12
7298050090.0,392717.03
7202290620.0,388719.16
3211290370.0,403956.16
1591600506.0,402727.28
2827100070.0,384640.38
2482410130.0,387678.84
4364200125.0,569946.94
6388910730.0,499613.53
7436500120.0,672677.75
1822059156.0,483055.47
9432750190.0,348516.72
2205700405.0,330287.9
6056111370.0,399003.22
3205500160.0,407371.47
6139100076.0,464615.47
723069135.0,327421.6
4123830070.0,489579.94
2472920740.0,529241.6
6134500220.0,242236.34
2734100395.0,453317.06
3574800090.0,532573.44
3126049107.0,873324.7
669000210.0,328029.2
1139000620.0,612100.1
3825311190.0,371549.4
7300400320.0,294500.88
9407150250.0,342331.12
3679400503.0,488212.97
641900050.0,389724.4
9169100130.0,331382.9
8091800140.0,554999.4
9547201155.0,296831.88
4154302045.0,663321.1
6638900265.0,449923.44
1423069063.0,374088.72
3335000025.0,210729.97
9269200650.0,312111.75
1781500180.0,221894.48
9211500520.0,696092.75
1853080150.0,486740.4
2767704756.0,340414.72
2206700295.0,310760.62
2557000380.0,676167.2
11520200.0,241687.28
3832710680.0,369299.47
2569500210.0,259875.3
5230300210.0,916110.3
6447300225.0,1047136.6
5035300325.0,717017.56
7853301660.0,376947.9
5411800250.0,536826.3
7203210170.0,306461.03
4302200415.0,256140.1
7942100290.0,717313.3
3629860160.0,563546.25
1423069076.0,583936.44
525049085.0,242376.77
3306200230.0,475765.53
2193310300.0,229067.67
7978800621.0,500691.6
4027700632.0,244820.95
1761100190.0,523537.53
2749600245.0,484555.47
322069141.0,204245.08
1900000035.0,221901.48
3361400190.0,532173.5
1604602050.0,496137.72
9421500160.0,265352.34
7788400180.0,415343.28
1566100625.0,238367.45
3861500340.0,296929.5
2524069072.0,381948.1
3013300980.0,549560.4
4191500130.0,320418.6
9407150130.0,665832.44
3904902500.0,253903.33
9510900140.0,353236.88
3368900084.0,361706.7
3432501415.0,531804.6
4254000540.0,458415.4
2767603250.0,592584.2
2923501130.0,290119.94
9183703045.0,257071.34
5279100675.0,510635.78
3905080310.0,635920.0
2461900375.0,552894.25
3346300356.0,372669.12
1865000110.0,308415.3
9264930400.0,553700.7
3447000100.0,497470.7
2313900510.0,569673.8
7518507330.0,257293.78
9368700270.0,350704.22
1137400420.0,281896.03
2023069054.0,585524.44
2141320230.0,331119.47
9536601295.0,433634.97
2424400130.0,412242.62
5210200081.0,510027.28
4443800785.0,522278.56
7292700005.0,265042.9
9834201205.0,297548.66
3275800050.0,570354.1
6926700654.0,997583.7
7511000140.0,537121.7
6821101895.0,693901.9
8964800695.0,598426.94
6821100195.0,632766.1
1226059105.0,1245174.0
2806300070.0,299188.12
1720069029.0,465745.06
6384300020.0,499367.0
8928100125.0,518876.5
8562770720.0,706492.7
8650300130.0,470513.22
2126059172.0,695302.2
8812401450.0,586799.8
6646200280.0,596347.75
4021100045.0,451863.62
1155620190.0,354971.03
6061000010.0,415876.72
3362400472.0,515866.5
9558020240.0,529878.4
7309100270.0,332347.2
7137950210.0,210570.67
7849200635.0,263277.7
1311200460.0,1168692.1
284000095.0,346654.6
1509700050.0,277310.62
3438503014.0,345024.34
9406450090.0,411262.7
5096300140.0,958315.75
8923600020.0,685824.2
809001070.0,382439.6
2291400342.0,726495.0
644210020.0,276272.56
6700390090.0,807264.7
5631500285.0,298161.84
104560120.0,407696.47
6413100311.0,439360.6
2558700090.0,631525.1
1471590060.0,684803.4
8914100170.0,376377.94
5652601035.0,749050.5
7852120140.0,367745.84
6163900952.0,1097175.9
5215200050.0,728948.7
6352600490.0,538513.2
3912000020.0,252875.12
8830400135.0,463035.3
5467500040.0,401270.97
9406570300.0,234298.84
109200390.0,554972.4
2025770310.0,606905.56
1939120450.0,2504087.8
7524900003.0,348812.5
3755000120.0,600616.1
2473002850.0,259238.6
7625703945.0,409244.56
9477000190.0,420846.34
1727500230.0,495771.12
7011201087.0,546748.8
5561300750.0,201261.42
3969300030.0,339238.75
8097000330.0,647072.6
2025049064.0,238635.25
985001321.0,340136.53
1775500050.0,409385.7
8849300160.0,412227.66
2316400285.0,519129.97
2423020180.0,479364.2
7128300500.0,365304.44
9512501400.0,202655.66
7200179.0,459984.78
5490210670.0,618186.44
9527000330.0,478229.84
1972200326.0,472775.7
4151800195.0,388297.75
4046500320.0,510236.5
9834200885.0,550296.7
8161020050.0,226064.75
2891000750.0,1422495.2
3426049031.0,292737.8
7387500195.0,122078.305
6303400395.0,335199.75
638100015.0,1561219.9
4107100204.0,218042.61
537000255.0,300948.12
985001266.0,464359.6
1137410040.0,264555.72
7229900250.0,508730.47
3905100840.0,599647.9
8100400160.0,1794513.9
1346300150.0,197224.56
1443501020.0,354037.4
5490700035.0,396854.88
1954600050.0,377384.47
8122100690.0,457907.97
3663000070.0,481062.84
5101406375.0,606833.3
426059055.0,322053.75
9268850160.0,259601.28
8731800840.0,305108.78
3331001910.0,896141.06
7603100020.0,648730.2
809002705.0,231196.88
4364200075.0,207553.95
1113000430.0,546394.0
1176001117.0,460512.22
3320000212.0,1358825.9
9286000150.0,269571.16
301400830.0,546314.6
425059024.0,500534.7
8835350300.0,281497.06
7100000135.0,231766.67
7696600240.0,881173.6
9808640320.0,517888.97
3764500180.0,578454.06
326049060.0,450679.06
4017110200.0,250427.39
7224500300.0,575133.0
1560930050.0,599837.8
726059395.0,1813307.1
8964800890.0,615685.44
4045500620.0,1152206.0
8562710250.0,353466.25
1775800710.0,633235.44
9528102865.0,662616.25
8096000060.0,304932.8
1591000015.0,267693.88
2310000430.0,585974.2
3902300350.0,263120.06
4068300280.0,264701.3
8732130730.0,519333.84
6791100410.0,439101.47
7660100236.0,745186.94
2568200070.0,294974.72
7697870310.0,572563.56
8562901100.0,347275.97
4016800120.0,563480.25
7338200180.0,282283.88
6791400320.0,352240.9
616000200.0,488314.4
2917200675.0,683645.0
2926049086.0,370226.97
3621059048.0,674656.25
7987401095.0,496683.56
5589900590.0,523326.62
855700170.0,333577.6
4030500130.0,451055.34
1755700060.0,758821.44
2413900050.0,355279.8
2489200250.0,241227.02
420000085.0,465732.0
8106300820.0,458556.28
8651730580.0,451042.8
8106300090.0,311672.97
9842300095.0,397323.5
9477000280.0,363424.7
2877102495.0,924434.5
868001030.0,542687.94
8564860110.0,485772.4
6762700452.0,199231.97
3294700310.0,245757.47
7231501665.0,479724.97
7525900050.0,1222590.6
7882600326.0,291435.06
104550690.0,1042197.06
3425059076.0,1761378.6
8835770170.0,1053324.9
2581300010.0,261661.84
844000180.0,274986.22
7888100240.0,361837.5
3845100670.0,480773.2
4027700812.0,319504.8
291310390.0,593878.44
9550200370.0,327147.94
2328800130.0,233734.45
2372800100.0,525844.4
2923039264.0,342196.97
9282801720.0,556805.4
9520900230.0,336963.16
985000955.0,242300.69
1099600090.0,538825.3
9211010320.0,716552.1
3825310820.0,494537.4
9545240180.0,203083.77
87000245.0,601389.75
5041300100.0,246095.14
3624039150.0,536950.7
1370804430.0,410416.0
722079056.0,470094.88
9126100815.0,368469.4
1770000490.0,411557.88
3995700250.0,410002.75
7214820400.0,345262.25
2473411130.0,752789.56
1824059079.0,445352.28
3080000030.0,335345.06
984200540.0,1217933.4
524059063.0,641234.5
9482700475.0,508851.72
8024200820.0,408343.72
8568700015.0,376388.0
1223089050.0,460091.94
2205500400.0,585564.75
1279300085.0,467629.44
7376300085.0,389165.53
322069020.0,340963.03
291310150.0,1767251.4
724069059.0,417421.25
5255200220.0,448155.3
1931300850.0,405395.1
4427100105.0,374448.0
2881700231.0,328774.3
8641500280.0,577892.3
5406500440.0,644459.8
8078390150.0,197687.23
8945300090.0,655015.94
8819901030.0,756788.44
3179100220.0,375862.53
2126079046.0,359197.38
2621750350.0,391175.06
4014400190.0,568777.56
7853420110.0,331890.44
2114700368.0,239922.02
3438501081.0,721320.1
6850700670.0,280582.12
3352402272.0,661035.4
4157600150.0,302503.03
8151600941.0,557564.5
5160300030.0,380098.28
3820350120.0,212332.89
7338000800.0,700557.5
3359500110.0,666663.1
8016300240.0,773144.5
7203120050.0,273308.88
3322049201.0,212846.12
7231502505.0,3351962.0
8106100105.0,767085.06
3895100039.0,246893.89
1001200035.0,235410.05
2724201202.0,527798.3
4038100110.0,585115.44
8827900015.0,397810.72
2644900109.0,243823.94
302000375.0,368671.8
1604600095.0,577314.25
2600040160.0,362710.06
2129700525.0,347616.03
603000555.0,733324.2
4083302225.0,389099.22
7298000090.0,499063.75
2484700015.0,180612.34
8945100320.0,467629.44
5112800042.0,284769.97
8091411100.0,477408.16
7375100070.0,474761.88
7577700061.0,451093.0
7923700030.0,483994.0
4235400186.0,619617.7
1498303700.0,436022.5
3876312350.0,517170.84
3797001815.0,1290573.9
868002015.0,407811.03
597000550.0,386092.0
8956200530.0,499243.78
2207100165.0,265319.66
7942100180.0,337894.62
2468800040.0,296856.9
9842300036.0,1616584.2
5700003985.0,380916.4
2988000070.0,597232.7
8857320260.0,516933.38
2600040130.0,645329.3
6632900452.0,481452.4
7518505910.0,608425.6
1672000170.0,421812.03
2597800010.0,745132.7
8562790720.0,1901895.8
4219401080.0,539257.44
7000100711.0,562799.0
7954000125.0,1993055.0
5700003640.0,707044.56
5700000275.0,490835.62
4019301205.0,305334.06
8943600360.0,1257489.9
2954400400.0,263130.88
1321400060.0,527412.9
2255500123.0,386458.56
2781260070.0,711808.2
1313000220.0,1052353.5
1125069153.0,262123.19
8899000310.0,807196.3
4139450360.0,450190.44
5511600315.0,528849.8
3575302575.0,506322.53
3226049054.0,301444.94
274100090.0,267101.72
1545802080.0,299813.06
6669020500.0,338208.75
3307700405.0,1610760.8
3760500407.0,661664.5
7853270100.0,621896.3
9320350020.0,442603.44
7715800430.0,386389.38
6791400100.0,375167.78
7708000010.0,289432.34
1448800010.0,292491.94
1782500035.0,556134.0
3449500050.0,706253.25
2856100515.0,765633.4
1245000461.0,316403.5
1219000043.0,366894.1
5409800110.0,548468.7
2680700010.0,368325.88
8143100350.0,313877.16
2597150270.0,300365.97
2966800010.0,806649.44
8854000010.0,413120.25
2207200635.0,292280.7
1722059222.0,343948.75
9358002305.0,430982.5
6392001950.0,334312.16
3630080070.0,795429.25
3797001702.0,537957.1
8127700440.0,214457.1
1446400785.0,754770.0
5016002275.0,1224014.9
2818100060.0,422691.56
6431000748.0,340240.06
7972600450.0,319129.8
8078570380.0,208256.97
7889601320.0,828768.7
1762600280.0,1131075.9
3026059085.0,479526.5
3475000080.0,599398.7
1370802620.0,283969.88
5151600285.0,347764.94
2722049218.0,387085.44
7696300080.0,208174.39
4168100020.0,385418.78
1474000050.0,342638.38
2473480350.0,294020.56
1139600270.0,352172.97
6699940120.0,458543.47
7016100120.0,659699.3
6752510010.0,571242.25
7915100490.0,330116.78
984210170.0,473214.72
6159400030.0,317051.2
3013300968.0,267980.62
6404600006.0,341985.47
2770602170.0,230172.28
1922059401.0,335598.1
291300010.0,576476.7
3856905185.0,327085.9
7304300905.0,543218.5
3416600185.0,624771.5
1786810040.0,465314.56
4354700010.0,882002.4
3902100175.0,513775.2
4305600360.0,534393.25
3622069114.0,617509.25
4376700570.0,546044.75
6795100589.0,570136.5
3344500085.0,328346.25
2206500105.0,310763.25
8731900880.0,229821.02
1682000160.0,249800.77
5104200380.0,498524.16
1982201595.0,213758.4
795002190.0,548006.25
7228500375.0,378768.75
9412200280.0,831174.6
5071401000.0,371648.34
597000566.0,186833.17
8151600101.0,495907.38
2028700265.0,208354.17
1670400090.0,1340634.0
7851980100.0,347015.12
5595900345.0,419588.53
4046700300.0,326339.84
4324210120.0,581484.4
2616800050.0,631133.2
1525079069.0,492649.6
9828201020.0,610380.75
2723069146.0,535993.1
9468200100.0,516187.28
2883200961.0,685537.3
1137300690.0,363123.25
2473100280.0,270381.94
723049448.0,655088.7
3066410810.0,723468.3
5700003280.0,408855.03
9268200440.0,341768.2
4053200410.0,781814.0
1234000704.0,449552.47
2473372170.0,246660.52
2523039239.0,236648.94
4324500490.0,436737.47
238000244.0,361094.88
1105000571.0,341286.6
1771000430.0,648468.8
666000142.0,473614.25
3389900800.0,645485.2
3578700017.0,676593.75
3629970190.0,337355.28
255450250.0,367726.3
1154100205.0,1224114.6
3629890190.0,505985.2
3905080870.0,303722.66
8155820110.0,679768.9
5135000170.0,650530.7
2464400435.0,568805.4
9482700080.0,452337.66
318900080.0,396176.38
9477001410.0,644297.75
825079019.0,393455.44
1471701200.0,746513.5
5606000120.0,563436.25
7853350220.0,504010.06
1776460110.0,615299.4
3904920980.0,536867.8
8087800430.0,347628.2
3298200320.0,300874.3
9122500080.0,302057.78
7893804845.0,536717.56
1370803730.0,312495.3
8001450170.0,601854.5
5561400260.0,770571.56
7308600010.0,250880.8
3524039060.0,372705.53
7300400150.0,506452.72
207700050.0,214012.77
5595900355.0,662039.7
2652500285.0,2692512.5
6744701310.0,1018549.44
525069127.0,338646.75
3334000050.0,557580.8
8682220390.0,563287.9
4038700380.0,369892.34
8073000265.0,674855.2
9521100960.0,989299.9
5634500688.0,404691.3
6813600440.0,582079.06
1072010350.0,665582.8
7853301700.0,294510.78
5141000571.0,599499.56
2013802060.0,1205657.2
7852070210.0,347357.9
1402970070.0,353838.62
2310040020.0,302421.1
646910560.0,447127.53
6647400090.0,495188.97
8682231110.0,619049.6
4376700330.0,769514.7
8069000075.0,243433.2
7147600220.0,286795.47
4142450330.0,394674.53
5101404698.0,915730.94
6154500070.0,582863.56
1592000640.0,639761.0
3756900027.0,779254.7
7203220130.0,443671.75
643300010.0,505859.97
8651720150.0,676628.2
4139400910.0,326412.97
5054800110.0,392100.03
8835200330.0,268825.4
7682200340.0,362799.7
7203600745.0,245755.48
1895000260.0,512075.4
7922750020.0,416642.4
5437200050.0,267416.3
8732160250.0,521933.12
1442870440.0,391744.5
1471700410.0,323891.28
3204800330.0,741524.94
1923000160.0,350833.25
2719100013.0,351892.2
3814900380.0,554950.8
326049038.0,819691.56
1068000110.0,1134796.0
8835800010.0,460031.9
1560920200.0,656115.0
1668500090.0,747648.4
2597530070.0,602964.5
1139000035.0,412534.9
8032700072.0,628347.6
7732300390.0,535290.5
5130000080.0,453207.66
9276200890.0,423577.22
342000036.0,428998.34
5126300060.0,581038.9
2331300505.0,185515.1
8651410090.0,441921.5
200800330.0,323382.03
7520000616.0,503602.75
7170200110.0,236416.05
3021059155.0,1237300.9
3582900280.0,256713.0
7340600845.0,485758.66
3905040060.0,312855.44
3224800120.0,482396.2
6021503740.0,436339.62
2570300130.0,307441.5
8121100395.0,282613.5
3356404198.0,744567.3
3630090050.0,454873.47
923000413.0,1209034.8
9201300020.0,676270.4
1777600210.0,4656163.5
7738500731.0,677847.8
686900010.0,326328.6
7967000160.0,535998.3
3413700130.0,545172.8
7852190290.0,721640.4
1180007375.0,245052.2
3353404510.0,280346.4
7802900380.0,565204.3
8021700715.0,364959.16
3205100080.0,480958.72
4477000290.0,993293.3
1118001645.0,359716.53
7979900806.0,656910.94
7228500415.0,301251.2
7212660640.0,227265.12
3826000735.0,393965.2
7714000250.0,542011.25
4400200057.0,495447.06
2487200279.0,290443.75
7140700690.0,589575.75
3304300080.0,264130.3
2887950110.0,605336.2
3760500222.0,290811.97
9269200786.0,238633.34
3734900110.0,492463.2
5045700400.0,405318.06
2140950130.0,381757.16
2612000200.0,483283.06
8563300085.0,575889.06
2425059173.0,328502.1
8091410930.0,589825.75
9422400035.0,623948.4
1112000100.0,372599.66
1323089056.0,684572.9
5015000596.0,433906.1
1535204165.0,399370.47
1438000430.0,461328.44
3222059130.0,515550.9
1982200330.0,247579.66
6624010010.0,3033944.5
2303900035.0,532476.0
259600620.0,428385.28
6072500490.0,288311.72
123039633.0,341114.38
8562780090.0,525814.1
5249802240.0,455889.28
6071200400.0,352540.56
826069002.0,695401.9
2625079030.0,1039580.56
6742700210.0,1362461.5
9253900408.0,225479.97
2560803085.0,378883.56
1237500540.0,964748.06
425069020.0,1592675.9
9185700440.0,402811.0
8656300345.0,307355.28
4245400045.0,418102.75
9834201370.0,458061.4
7853300770.0,561133.2
9551201295.0,221917.25
898000220.0,345666.28
3834000720.0,569172.56
1245500690.0,462211.1
4083304190.0,763514.06
4178300080.0,502908.88
2960900045.0,290621.7
1446801030.0,751762.56
7855800910.0,595323.25
7853310150.0,276582.1
8732131090.0,403631.2
7967600285.0,558651.25
8651520510.0,245745.56
5379802650.0,415990.34
1425059174.0,828901.2
627300105.0,457141.7
3124089049.0,582004.7
1778350270.0,370003.84
8691500410.0,531942.94
9169600043.0,307240.4
100300500.0,475395.0
3221069054.0,492570.38
4443800385.0,697027.1
7922710450.0,756354.25
7880020030.0,348992.56
3288020050.0,775418.75
4136980090.0,308882.66
1687000240.0,250992.8
7812801785.0,535450.56
1126059144.0,286850.66
792500260.0,793258.44
3222049055.0,645810.06
8635750090.0,681863.4
2767601280.0,257285.39
5347200162.0,279120.25
7503800210.0,832602.8
3394100020.0,423515.28
7663700783.0,465205.9
9454200030.0,296721.8
3791500050.0,537894.75
582000185.0,420063.5
3211230260.0,392632.34
323059103.0,375568.4
7297700055.0,281005.22
1545805460.0,263189.16
2341800195.0,305627.0
6648700150.0,995170.3
3860900035.0,585737.7
1980200236.0,310324.16
1180002745.0,700169.7
3275890310.0,507940.78
6840701100.0,221115.38
8651402750.0,385901.97
1588600045.0,202167.73
2422029094.0,289585.22
1702901500.0,446651.9
3755100005.0,250019.56
3624039074.0,372235.94
7950302995.0,516093.47
5273200060.0,293227.9
8025700460.0,1232991.6
280610020.0,203311.61
3333002450.0,472173.44
7379600240.0,311370.25
4058802300.0,211621.22
302000065.0,493961.72
9527000180.0,389703.4
3626039403.0,264818.75
9510900360.0,343499.28
2310040230.0,690518.5
7308900490.0,253606.1
2206900065.0,895975.9
324059161.0,280535.44
7345310100.0,350213.25
2422049107.0,432373.75
8146100095.0,390964.4
87000283.0,304018.84
7937600010.0,248837.23
2618300350.0,480863.7
224069102.0,233437.98
7129302095.0,1140868.2
7352200025.0,375855.84
6163900333.0,556258.44
3528960020.0,311439.28
1687000220.0,603855.56
4141400030.0,337270.38
1822500160.0,367797.9
5467910190.0,295546.53
9331800580.0,235287.72
2407000405.0,281396.28
5466700290.0,534913.8
3026059361.0,502760.7
1523069096.0,460984.56
3876312010.0,786119.0
8832900135.0,533857.8
9238900616.0,278332.7
4142450040.0,314913.78
9282800065.0,347003.0
5379800862.0,286778.7
2459950010.0,248428.56
4435000520.0,333303.38
1552800010.0,351202.22
7549800543.0,399547.06
9828200460.0,1004945.4
6345000160.0,369037.78
7129304105.0,320602.8
4302201005.0,569774.1
2450500110.0,460211.97
5166700050.0,384032.06
1085623710.0,333006.38
1123049129.0,892283.1
8566100200.0,480443.06
1774000780.0,726750.44
9492500170.0,568205.06
686530530.0,660420.4
4022907770.0,276857.6
6052400975.0,447264.12
3438502501.0,1171807.9
3758900023.0,289100.2
1645000580.0,275472.0
8099200030.0,552110.75
7635801371.0,662535.75
3456000310.0,635129.7
2025059150.0,387026.53
2624039114.0,343780.88
3348401095.0,437800.53
6633900170.0,673122.1
2600000510.0,353360.84
9414700020.0,367134.44
3204800520.0,356455.5
1844500025.0,380142.34
4137010590.0,532670.94
8564950280.0,631139.5
1338800491.0,1089507.9
4058801702.0,554945.4
461004720.0,647568.06
3123059107.0,534955.1
6819100380.0,954116.25
1193000390.0,343684.97
3450300270.0,289342.6
3110800040.0,565646.0
1437910090.0,486790.94
3645500050.0,245981.86
4338800600.0,347603.88
2114700530.0,384427.16
6381500450.0,333857.88
9206950200.0,661517.2
4232900940.0,773825.94
1025049174.0,652738.94
7774200070.0,377502.1
1231000310.0,296197.1
8155870200.0,893008.56
7935000625.0,330342.12
2426049079.0,512359.06
4037500230.0,322895.97
2331550120.0,492948.06
7974200765.0,592935.25
686200510.0,424515.66
4024100670.0,582468.25
3834500195.0,515876.38
3526059115.0,254105.88
7950304075.0,341476.75
1386800054.0,552298.44
9834200165.0,343750.9
6147650300.0,586297.3
6891800360.0,548128.44
9170500060.0,801951.6
65000260.0,589238.75
7784400130.0,379180.88
7941140070.0,180382.75
2122049096.0,292261.03
6003000851.0,835932.0
7203220050.0,318106.12
8898700960.0,210010.16
5245600105.0,215873.08
3530470190.0,316195.16
7883603965.0,489186.94
4022902505.0,333110.12
3211100240.0,583603.44
5119010090.0,284862.72
3821000100.0,484121.75
7301300050.0,391006.53
2171400197.0,1098335.5
9471201175.0,422973.66
2473450200.0,354812.1
2258500045.0,525617.2
1139000400.0,237722.4
3298701025.0,220095.06
1498302774.0,532270.9
9276200190.0,589593.2
2909300240.0,547947.8
1250200693.0,309166.6
3101500010.0,284309.06
2557000630.0,511601.5
1324300091.0,449619.12
2826049260.0,661617.6
3342100421.0,471947.8
3524049083.0,1150870.5
9103000393.0,220356.98
3121059033.0,577053.75
7853240200.0,333219.72
7950700120.0,170155.02
1822059057.0,278369.7
1219000473.0,624428.4
9272201385.0,950231.7
1336800185.0,377892.3
9268851630.0,280229.78
2788400315.0,535362.8
3529000930.0,475287.9
5631500967.0,259183.52
2188201010.0,915411.6
8562970040.0,326894.25
4415600030.0,300505.66
2473251170.0,509235.12
7511200020.0,265745.22
1163400020.0,287745.0
5412400180.0,350023.22
255450400.0,314747.0
1687000210.0,345352.66
2738650030.0,556561.6
9136100420.0,666960.6
1924069115.0,874861.2
714000155.0,501510.34
904000045.0,590477.5
3395070640.0,297729.44
6308000010.0,555966.3
2695600130.0,284197.53
3626039279.0,388977.12
1623089039.0,249881.78
3438501327.0,362201.56
8118600025.0,345859.44
7625703435.0,694903.8
1807900300.0,505195.9
1862900360.0,320525.8
2768100186.0,488655.78
2524059269.0,781583.9
1126059108.0,935562.4
7856610130.0,756220.1
7203000200.0,272289.16
3630120700.0,702601.1
1612500090.0,232831.56
3586500620.0,745535.75
5207200360.0,424978.06
6675500035.0,386403.2
1781500385.0,272322.94
1150900080.0,711727.56
9541600355.0,769248.75
7525530670.0,754628.3
844000375.0,321288.66
9578140180.0,329007.06
9558041130.0,336148.53
1788800910.0,191224.1
9550200225.0,534403.56
8643200055.0,265924.44
6143000020.0,305142.44
8941100095.0,871838.56
3630010020.0,386119.66
2895800610.0,354031.2
822039084.0,1252463.5
5423600080.0,534403.56
3992700775.0,425885.2
3816700150.0,433930.03
4083302485.0,640860.94
5127000810.0,352009.4
1725059182.0,792564.4
9485930120.0,372841.25
293850040.0,644823.0
8731981940.0,321048.8
3330501545.0,308360.25
1026069061.0,738428.9
8121200710.0,460937.28
3764390100.0,490427.44
9493200010.0,346878.75
2902201301.0,578669.9
3444120130.0,421434.66
5256500025.0,554093.7
4022902715.0,547188.8
871001500.0,696363.6
2329700440.0,205747.7
1773100275.0,283418.34
7852160070.0,1094426.1
2141330560.0,574862.44
2505500009.0,623717.9
8647800150.0,341304.4
4337000200.0,251204.7
9264901680.0,243051.06
1773101050.0,318736.25
9320990120.0,299792.8
8856960280.0,327410.3
5589300585.0,337932.75
7935000595.0,812586.56
7203150080.0,555577.1
5616000030.0,294416.62
825059178.0,4168357.5
6666830390.0,566497.44
8732900840.0,521918.12
2095800520.0,540927.5
1771000760.0,350047.75
1901600090.0,343870.78
8857600680.0,279701.1
4038700830.0,592473.06
8956200070.0,365866.8
8081500050.0,1417108.4
567000755.0,470896.72
424069264.0,664733.56
1564000410.0,831112.6
2817100910.0,300604.75
3303960080.0,1112496.0
3340401535.0,160922.56
1622059095.0,310107.53
3278601940.0,433965.94
7202380120.0,407043.1
745500010.0,808325.6
6608500220.0,374058.8
8024201055.0,399309.25
8929000140.0,372401.22
859000160.0,358814.94
8673400061.0,373242.12
1269200229.0,1343027.2
6705850300.0,709819.2
3395040550.0,316923.7
1697000370.0,241615.36
5245600120.0,255495.88
8892900180.0,232397.47
1794500360.0,651798.0
2025049192.0,474356.72
1930301325.0,785664.0
4217402162.0,1112382.0
8126300410.0,503545.28
3345700215.0,690151.7
2887701420.0,486653.12
2887701251.0,423554.0
4036100175.0,674121.56
3192000085.0,891075.6
226059096.0,208667.19
9238900855.0,1169473.5
6706200130.0,365604.9
2744000010.0,342745.84
7202271060.0,286060.12
7923200150.0,597480.75
162500030.0,555361.06
2571910210.0,369633.44
1523059105.0,259970.95
6052401215.0,306018.97
6626100260.0,268097.62
8925100115.0,748349.0
5459500165.0,1114500.9
7686202635.0,465888.7
1118001370.0,186438.25
122029066.0,922427.9
8039900130.0,342161.22
3262300235.0,324409.88
8860500300.0,747874.06
8956000250.0,337586.72
1646501920.0,513917.56
9284801500.0,517993.06
1442880380.0,484989.66
1311500020.0,507113.97
254000695.0,259571.56
9477101280.0,309129.78
9510970530.0,424608.88
6891800500.0,589035.5
9407000230.0,683261.75
7202340590.0,332355.8
8151600590.0,608486.0
9407001600.0,359992.3
1771000690.0,325632.34
1525069134.0,345524.5
8645540040.0,1048184.5
9414500200.0,311797.88
7883607645.0,409096.12
3845100140.0,233207.1
2726049164.0,317534.62
4340610040.0,421997.0
1245003006.0,342462.3
1105000373.0,819796.1
6083000123.0,288012.5
1777600450.0,220521.95
9558000100.0,644647.8
2473002060.0,417824.66
943100689.0,337007.03
7544800395.0,391962.72
1931300090.0,445072.34
7936000252.0,467454.56
7987400316.0,513426.84
5152700060.0,265533.4
1721801025.0,633927.5
3438501450.0,246206.5
9222400510.0,281959.44
1796700160.0,369499.12
323059208.0,289473.6
3392100050.0,330747.66
4038500210.0,178327.05
6324000090.0,620409.06
7549802535.0,225217.7
3343900326.0,463627.62
5701700640.0,606586.5
5249803185.0,737701.3
8838900032.0,524754.9
1237500577.0,726532.56
8642600090.0,828018.6
3303100075.0,343397.53
2133020020.0,510543.25
7950302890.0,426271.34
2770601734.0,425129.72
2538410140.0,550264.7
8159600360.0,336113.56
917000300.0,581673.0
2391600330.0,456313.34
9285800585.0,260607.73
2005950050.0,487761.4
6450301835.0,249891.9
2473480520.0,377932.72
2818600010.0,321636.4
952006728.0,1056554.8
3422049088.0,323190.28
3629870420.0,276339.0
1079350090.0,869474.56
1509500060.0,319617.16
4039000050.0,378175.22
5288200230.0,536339.7
626400020.0,673409.44
5457300095.0,732170.44
5000500055.0,1636590.6
324000530.0,249309.34
6713100031.0,360802.12
3316500200.0,521218.12
3124059006.0,449340.06
1125079111.0,1372636.1
7852020300.0,1007758.25
123039364.0,519254.28
7883603190.0,222907.45
9828700900.0,272232.9
6821100015.0,587858.44
9522100375.0,734183.4
2420069201.0,564146.0
7504110330.0,256259.14
475000510.0,762453.1
2425059074.0,556756.6
7518503685.0,827128.4
5466400550.0,499158.5
7852150720.0,239465.88
3066400140.0,480578.7
3298400470.0,654546.56
2902200874.0,469778.12
9500900110.0,537489.94
8835200160.0,225814.16
6056100295.0,364939.8
1858600042.0,333964.88
7224500010.0,356812.9
5457801925.0,315916.75
7575620750.0,677578.8
2391600735.0,275198.2
6192400180.0,370322.2
5249803870.0,720605.8
3575302880.0,547772.5
7225000045.0,417839.9
5561720180.0,193242.34
1972200428.0,294139.3
892000025.0,474218.78
2944510080.0,196072.94
2428100100.0,274851.84
6647400250.0,687759.0
121059038.0,403700.53
6398000191.0,388113.34
526059103.0,479585.12
8856960720.0,322934.8
3832500260.0,303195.56
1623089025.0,288831.44
3625710080.0,385580.94
6446200060.0,1015461.56
5706200370.0,652008.44
5515600088.0,413420.84
8029500360.0,236645.16
6700390150.0,346766.66
642500080.0,287333.47
6150700264.0,414471.16
2473371780.0,403178.9
3905120540.0,367833.75
2652501215.0,521013.3
3176100110.0,640043.8
7574910650.0,641202.3
6385800030.0,878133.7
4443800960.0,321912.72
8731951490.0,504451.34
3380900125.0,266509.0
9828701508.0,360789.4
6699950310.0,517557.0
3321049112.0,358518.16
1824079052.0,381168.06
8032700140.0,926395.94
8679600150.0,710045.5
5040800120.0,481416.16
2026059119.0,886304.2
4024100951.0,425363.2
7212650990.0,549080.75
936000060.0,309371.88
6181500340.0,402785.5
1137400050.0,327791.66
3324079092.0,420612.06
4268200055.0,280991.2
6145602240.0,381593.6
475000176.0,448055.72
3279000120.0,250264.97
9392200030.0,263515.38
3438500714.0,350796.38
4306500070.0,357117.34
8588000610.0,194236.75
792500190.0,319176.3
2461900850.0,366122.5
2660500365.0,301414.3
5451210100.0,726127.1
2787000040.0,344507.06
3278602670.0,296147.2
9528100899.0,642602.3
1324079085.0,353252.38
9477001140.0,383068.78
9521100880.0,591270.06
7853210060.0,440354.34
1326069094.0,509633.44
3420069065.0,332223.6
5468730280.0,295369.88
5437600140.0,341908.06
5127000410.0,340613.16
5445300050.0,525475.9
3375300360.0,248706.3
9297800165.0,594582.7
6021500840.0,525597.0
4323700230.0,462702.8
643000110.0,257468.12
8043700105.0,2813534.8
6824100014.0,410568.75
9542830480.0,297500.97
736100065.0,972135.25
2592210510.0,737311.1
4233600260.0,972479.0
1266200015.0,522925.16
2787700060.0,380766.88
8843900396.0,282018.2
8029500380.0,292376.47
5292200010.0,488448.16
2886200070.0,345850.38
8594400110.0,572888.9
9268850180.0,358294.22
4141800285.0,299435.88
3188100007.0,1112394.6
1796380960.0,401430.44
7202330030.0,289185.0
8078440140.0,377798.1
7983200060.0,517467.84
4427100025.0,227057.92
2113700510.0,448279.84
6446200305.0,301603.1
3425079088.0,680593.25
3304040130.0,615765.1
3222069153.0,347634.25
5127000470.0,314712.03
7525100520.0,352757.0
1868902745.0,524316.9
2920700220.0,757388.94
1105000780.0,381518.66
8563080020.0,483538.12
3630090110.0,802800.2
856000195.0,757800.2
8649401000.0,1567248.9
1315300095.0,339663.66
6802200670.0,652765.3
1523069022.0,255931.39
2624049165.0,299210.88
1972202080.0,461931.0
7211340030.0,606737.0
8850000180.0,320253.7
2787250080.0,466782.06
4235401055.0,553044.7
5226500250.0,485360.25
3294700421.0,491764.84
322069180.0,345786.97
1025059186.0,616151.5
1923039022.0,442015.34
1402600110.0,405340.06
6817810190.0,354584.75
434000030.0,410516.6
6056110460.0,550590.5
4337000285.0,588090.1
5710610250.0,267326.06
1049010620.0,595011.56
5112800234.0,358486.6
2309000060.0,398406.44
2985800030.0,560051.44
1604601570.0,362064.2
1563102435.0,337624.8
257000105.0,798914.3
6788201440.0,217785.78
1442300005.0,621772.2
4055700784.0,474298.88
3889100029.0,750471.44
4139450760.0,634111.75
6079500230.0,1234042.0
259601010.0,516943.28
3980300020.0,401880.28
9390700100.0,274956.6
7200001005.0,549182.0
9264920250.0,402498.03
8682260470.0,278251.78
4083303815.0,493256.1
7383450250.0,656672.0
253600180.0,338964.7
1450000210.0,377720.7
1133000100.0,171771.7
7511000050.0,475345.9
5710600030.0,964365.1
4178300310.0,522023.22
3041700570.0,718319.8
1238500978.0,376558.88
431500155.0,353596.53
2937300050.0,518533.84
1352300315.0,934569.06
3277800823.0,236789.2
8895800110.0,367358.7
9274200318.0,1143447.2
1118001805.0,522288.6
629810720.0,1503992.2
6852700476.0,785440.8
7345200650.0,583798.6
8929000290.0,251145.6
5506500170.0,431619.97
8899000140.0,586534.06
4006000423.0,264749.16
7137910140.0,306299.72
2423020010.0,276540.78
40000362.0,385584.38
1657000070.0,162128.1
2124700015.0,254778.97
1887500045.0,246156.78
6838000170.0,254795.56
1310910290.0,396347.66
3599600276.0,313780.7
8142000080.0,246640.58
8856971000.0,458675.8
624100950.0,292415.75
2767704332.0,798517.75
405100165.0,479869.4
6117501755.0,412516.2
8961950410.0,384083.56
1523550480.0,327463.94
6840701160.0,545172.8
3331500650.0,613947.56
1862400517.0,239977.9
9558021000.0,407729.72
1310800090.0,340900.72
5104511040.0,234381.2
522059189.0,352682.78
3448720020.0,252218.44
1310700330.0,349359.16
5649600462.0,282549.9
1853000510.0,340986.75
8128700005.0,1105740.1
6352600210.0,257878.3
3754500010.0,815731.1
1962200475.0,810684.7
1773100765.0,747842.94
8895800200.0,248289.84
1310900260.0,897230.4
809001525.0,346476.03
2624049103.0,771161.3
9191200380.0,299172.97
6600060120.0,596400.8
8150100045.0,434301.22
9558010190.0,208776.0
4038700930.0,349524.25
2883200775.0,571236.6
4036800910.0,614155.3
8673400177.0,484400.2
7110000068.0,465688.5
3279000240.0,843000.1
9545230280.0,261711.14
8815400105.0,476033.6
6738700075.0,535745.0
8732030490.0,308250.12
9532000070.0,512099.88
7752400075.0,475497.62
3824100051.0,434952.72
2768000270.0,510402.03
108000127.0,548043.44
844000225.0,297834.97
6817850040.0,1186346.2
4447300137.0,780278.8
8598900125.0,387741.38
5072410070.0,406939.84
7129300520.0,259429.4
3830210020.0,201160.52
4137040250.0,308612.12
3022079080.0,521233.1
722039087.0,181218.64
3924500040.0,732792.56
2473381090.0,309564.16
2201500490.0,319592.5
9265410090.0,231053.31
9286750100.0,412861.22
2023700040.0,536391.44
324000280.0,576833.06
3814800280.0,362476.47
7697100030.0,496603.53
8731900790.0,301116.16
8044700010.0,526324.44
6123600100.0,214722.56
1450100390.0,164203.19
579000550.0,458517.84
2459000020.0,316484.7
5016000315.0,405376.75
1193000190.0,673943.44
4038700730.0,576770.8
1556200265.0,706376.56
6600410170.0,211156.08
642800130.0,668314.8
1043000100.0,376244.0
7809200055.0,254832.9
7010700308.0,990760.75
8680500090.0,553727.56
2719100355.0,565419.56
7905200147.0,463424.34
271200130.0,243823.94
326049103.0,490515.53
8682211030.0,429809.6
1070000390.0,928707.6
8648700450.0,623587.06
2695600410.0,351229.9
8562710640.0,1142333.5
1525200060.0,541236.1
1822039138.0,811277.9
2767601375.0,422853.84
3425069117.0,1282558.2
952004570.0,302467.2
7625702616.0,282976.62
9818700430.0,470433.9
2822059091.0,250754.64
1775900220.0,356662.34
6371000079.0,661939.1
293760150.0,975137.56
1336800880.0,1180534.5
2771600550.0,959266.1
3905040040.0,499827.03
7787110060.0,502497.9
7708250040.0,353885.2
4022901316.0,505575.94
191100235.0,710717.75
7852050220.0,351778.1
3293700480.0,517225.28
2597450620.0,1469341.2
6169900580.0,1087718.2
2767602855.0,656950.75
810000080.0,799378.75
6392000625.0,395012.0
1865810290.0,198561.6
1568100380.0,354967.9
5249804760.0,304217.38
1337801060.0,693887.7
6181410950.0,286041.0
9264900660.0,324515.97
9122001231.0,555539.3
4427100030.0,397498.97
7334400070.0,331460.25
425079001.0,683672.9
7436500360.0,459483.75
1245001295.0,678379.25
1310500550.0,295203.28
4047200950.0,316460.34
9103000455.0,705832.6
2291400341.0,368201.94
3876100310.0,373905.94
7131300031.0,299828.28
7853380510.0,629757.44
7409700215.0,605942.9
5248800250.0,402370.75
126039323.0,459043.22
6632300207.0,399781.44
3826501060.0,296586.78
8024202520.0,522714.53
3343901401.0,590081.7
6431000005.0,565154.6
9232900075.0,353243.06
3056700150.0,241194.05
5104511250.0,407268.12
3658700510.0,627663.06
2895110062.0,372655.88
7454000990.0,213425.95
4038700680.0,569813.1
7811220070.0,566552.8
8091670030.0,355286.03
3438503045.0,228447.95
6388900710.0,549448.4
7956300020.0,174625.69
1775930440.0,471276.2
1762600190.0,871537.94
6600400260.0,233101.05
8728550150.0,556015.0
8155500110.0,605600.4
9169600135.0,338584.97
1777600490.0,710564.25
125059179.0,689299.0
7558700030.0,3939995.2
1702900624.0,355201.8
3343901403.0,544239.3
5101400994.0,330099.7
5547500050.0,294624.8
1705400350.0,310469.56
629810800.0,1069826.2
4104900150.0,605420.25
7888000390.0,213666.45
4140900270.0,362790.1
6649900030.0,475149.66
820000012.0,476096.2
6151800080.0,284477.62
7454001060.0,216274.66
8682262330.0,450273.94
1566100010.0,370489.7
1180500070.0,392815.84
1112630130.0,351849.0
3101500090.0,406118.78
8682310220.0,554406.1
4032500035.0,366449.72
1623800440.0,480194.53
1088400190.0,218889.34
751000080.0,417276.75
6675500070.0,366527.5
2193340140.0,472700.38
522049074.0,356499.38
3204500340.0,261657.55
5104200470.0,455533.44
7517500611.0,645732.06
2946002140.0,274842.72
7631800110.0,951109.5
3529300330.0,346790.88
3885801970.0,525475.9
5456000570.0,911808.94
4123810090.0,364994.62
4037000635.0,525238.75
8079030350.0,520334.75
1726069060.0,743299.1
6858700225.0,254839.12
3356406510.0,216042.4
5423030040.0,580491.1
3111300040.0,505474.88
259800060.0,488033.2
1972202320.0,488097.72
5100403818.0,359466.34
1422700040.0,253484.42
3625049014.0,1655497.0
7852011040.0,564840.25
1201500010.0,606207.44
7195800009.0,273609.84
9407001320.0,288063.16
9508850100.0,575522.1
1328340380.0,298083.84
3885804305.0,794749.56
7128300630.0,589093.56
7574000080.0,351260.66
3744000150.0,404413.16
2607720150.0,586233.8
7203190110.0,567250.7
3904902430.0,582714.56
11501160.0,813431.75
9209900315.0,366116.03
9465910030.0,612386.25
3622069103.0,542567.2
3288301010.0,515481.9
4395600060.0,689369.4
7694200380.0,349738.44
9552700550.0,559571.5
9264921110.0,297817.38
6738700225.0,865766.4
293620220.0,793785.8
7525300310.0,652416.4
3992700036.0,477004.7
3577300040.0,457324.62
3812400202.0,171652.86
2402100055.0,604682.25
1853080790.0,703972.44
1994200260.0,622678.8
1339300025.0,716160.9
7616200050.0,427322.78
4022902555.0,659379.1
9528102110.0,541314.6
6613001241.0,1185619.6
3205400240.0,362172.8
6065300840.0,1623703.4
7852040080.0,518226.16
1920079039.0,200570.28
2817910030.0,420228.38
1563102880.0,680302.1
8561200110.0,473423.3
629000605.0,829192.7
2781270440.0,233493.89
6152900273.0,357664.28
3303950130.0,374281.62
6411600113.0,377676.97
4055700167.0,790619.8
291310310.0,504177.88
9523100550.0,686839.8
724069070.0,899169.94
2408800120.0,360878.47
7559600200.0,565679.1
8165500790.0,377606.34
7856620870.0,750119.8
1588600040.0,354068.47
1023059246.0,480863.7
1938000140.0,703618.5
6061400160.0,337217.7
4167300350.0,245418.39
8649400790.0,328765.8
173000036.0,379536.0
225039049.0,563524.25
8043700300.0,2502955.2
3834000400.0,380661.56
4054530260.0,1794377.1
8724300010.0,797725.25
9358002232.0,410512.84
3298700012.0,241732.0
1125059071.0,933842.9
3885805300.0,343616.1
5315100784.0,882908.4
3861400030.0,608751.94
7202340010.0,564190.0
7272001805.0,353348.44
2781250230.0,313901.28
1042700300.0,758575.9
123039279.0,193456.7
3760500336.0,1183483.9
6979940100.0,730791.9
686300880.0,627386.94
5214500690.0,382894.25
6021502250.0,672718.75
1320069223.0,264351.6
2871000300.0,707342.5
2724069117.0,283498.75
1159400220.0,762389.4
2571900380.0,274906.47
5528600050.0,277469.53
7686202730.0,179471.97
2225059118.0,776110.75
2558630350.0,431326.8
3655400060.0,377350.84
9558200080.0,290236.75
1796100015.0,470037.66
3378900020.0,447313.8
5416500040.0,312599.28
8856004582.0,209234.7
3812400107.0,440005.2
6126601445.0,484857.06
2997800021.0,423379.78
1211000280.0,310448.4
766800090.0,246134.9
3224079005.0,240763.95
619000100.0,326160.0
4319200620.0,266787.6
626059335.0,477677.38
3340401570.0,319836.47
7015200800.0,599671.6
8106300510.0,499125.3
1446110020.0,452514.03
2872900280.0,581615.8
8965500320.0,749424.94
7853300070.0,505248.8
5652601455.0,681391.06
7579200915.0,996819.06
2641400160.0,356051.6
203900460.0,430768.94
2998800040.0,654665.5
7519000170.0,526956.94
923000425.0,738306.3
2973800030.0,233175.45
6430500182.0,747858.5
7304301010.0,371770.38
3861470110.0,1216616.8
2296500136.0,797161.06
6790950150.0,737257.6
8123100045.0,442991.9
3142600130.0,598823.7
7137970130.0,320069.72
8656800190.0,414316.62
7135300046.0,292027.9
3629960680.0,460671.03
1133000385.0,869287.3
1085621960.0,296184.62
9542802000.0,230895.16
8151600973.0,573214.44
7019000050.0,426802.53
6021501920.0,551537.4
7399300420.0,256468.17
7548300731.0,573433.44
5316100220.0,733126.7
5152600090.0,295835.47
1703400470.0,406184.97
7316400070.0,278582.56
5561300380.0,540969.3
2215450100.0,350421.8
8635750330.0,598924.44
9492500140.0,725871.94
5315100393.0,474819.8
8588000315.0,225388.94
7524200180.0,263247.44
4235400255.0,373869.38
326069131.0,495400.12
4077800026.0,990409.06
9477000120.0,377226.56
5608000590.0,1008769.2
4137050130.0,305331.47
5249801440.0,410807.38
9264901510.0,278258.72
5437820250.0,200125.52
200500410.0,487287.38
9407111100.0,316341.25
126039252.0,399579.5
6141100255.0,429553.4
3013300830.0,310681.22
3271300955.0,777219.56
3021059276.0,272669.88
9542000050.0,718060.6
2769600035.0,744884.8
3824100364.0,457286.3
1726069202.0,360789.4
7327500270.0,341911.06
1189000207.0,365853.88
2472950160.0,270567.22
9558040050.0,579932.6
3438503120.0,342435.47
9407150240.0,295688.47
1370804295.0,585052.06
5700001100.0,576290.1
6837820030.0,373083.03
5411600210.0,811785.56
5061300030.0,342146.3
525069133.0,924868.8
2121000250.0,357117.34
3179100720.0,520753.75
2780700050.0,434349.12
1545805820.0,268628.28
5702380630.0,252347.56
9211010260.0,523221.2
7129300595.0,314663.62
6802200100.0,243686.4
3304030140.0,388684.28
2623039019.0,814277.94
104500730.0,210989.78
2924069132.0,583850.3
1775500310.0,594171.75
8114000040.0,323012.53
2011400021.0,373700.0
7525570020.0,571370.8
2917200615.0,445933.44
7697000170.0,297814.84
7871500070.0,759757.1
7215722010.0,488526.6
6300000378.0,646818.56
7159200005.0,1936084.2
8946410040.0,361263.62
3893100327.0,341890.22
635000009.0,779680.5
2322069116.0,476060.4
2760200050.0,296922.0
3432500210.0,329149.06
5700000245.0,588960.06
7588700177.0,319162.66
9178600135.0,654553.2
9830200475.0,440602.2
8562780160.0,333387.06
9826701665.0,556015.0
7504010900.0,741933.3
2770606915.0,409085.0
1254200075.0,563123.0
2473450430.0,469246.4
1433290010.0,382894.25
7586200061.0,459244.2
6841700070.0,561018.3
9826701320.0,487425.38
8943600720.0,310575.38
6791900260.0,702637.2
2301400640.0,707771.5
7979900210.0,357799.6
4037200665.0,374467.97
984000650.0,314951.44
2937300060.0,759574.6
8731982190.0,281752.78
1445200190.0,356540.1
952003285.0,677048.2
1402970020.0,382918.2
2487700274.0,382877.16
8113101670.0,375788.97
8682300400.0,505956.28
809002435.0,638400.6
4045900147.0,546071.2
2991000400.0,300515.8
9456200405.0,196068.42
5104510370.0,295524.12
9414610240.0,447943.72
2111010760.0,360722.66
1854900430.0,604832.1
2624300080.0,767920.7
3645100280.0,533780.6
1433100010.0,283479.8
9533600100.0,764720.8
6743700030.0,535796.7
9294300070.0,633578.2
2114700540.0,265850.12
7853280550.0,748684.06
868000175.0,597622.56
1446401290.0,258325.12
9109000050.0,287468.16
8856004327.0,282046.38
2329800110.0,297127.34
3031200230.0,352311.9
7582700075.0,1116739.5
2422049104.0,166687.47
9274202885.0,551237.56
1770000090.0,393108.97
9500900430.0,264056.6
7305900082.0,356571.44
3336000170.0,415982.75
5680000455.0,676449.25
9808630210.0,788514.94
8807810110.0,401600.88
3824100211.0,427314.97
3423059153.0,574243.06
3937900120.0,385625.78
524059323.0,625102.4
4305600250.0,472208.8
1257201375.0,475171.94
853600150.0,1212635.2
2424059174.0,1438460.0
5205000400.0,293134.25
2658000115.0,231796.22
3055800020.0,283706.97
357000025.0,607273.06
5666300010.0,374931.0
4167700210.0,254083.12
9187200275.0,731753.5
2960900040.0,422402.0
1021049022.0,211922.08
7750500120.0,224893.5
7153200160.0,996708.3
4406000390.0,278661.28
629800380.0,1454768.6
2026049125.0,351113.0
6117502230.0,2019225.6
3379100130.0,447744.7
2472920140.0,432191.1
7214720075.0,521213.12
1771110070.0,348653.9
5127001600.0,335153.28
6666860210.0,341902.12
5467200055.0,338696.78
7819000040.0,388210.75
3790700070.0,306057.97
6362900138.0,375912.72
597000593.0,425857.9
8032700070.0,516977.9
9301300215.0,896559.06
8902500118.0,395819.84
6607000095.0,372179.78
2163900081.0,677372.06
7732500270.0,682370.8
3856903515.0,579670.7
2557000400.0,288647.6
4386700135.0,1294673.4
7399000360.0,326531.1
